﻿<?xml version="1.0" encoding="UTF-8"?>
<MetaDataObject xmlns="http://v8.1c.ru/8.3/MDClasses" xmlns:app="http://v8.1c.ru/8.2/managed-application/core" xmlns:cfg="http://v8.1c.ru/8.1/data/enterprise/current-config" xmlns:cmi="http://v8.1c.ru/8.2/managed-application/cmi" xmlns:ent="http://v8.1c.ru/8.1/data/enterprise" xmlns:lf="http://v8.1c.ru/8.2/managed-application/logform" xmlns:style="http://v8.1c.ru/8.1/data/ui/style" xmlns:sys="http://v8.1c.ru/8.1/data/ui/fonts/system" xmlns:v8="http://v8.1c.ru/8.1/data/core" xmlns:v8ui="http://v8.1c.ru/8.1/data/ui" xmlns:web="http://v8.1c.ru/8.1/data/ui/colors/web" xmlns:win="http://v8.1c.ru/8.1/data/ui/colors/windows" xmlns:xen="http://v8.1c.ru/8.3/xcf/enums" xmlns:xpr="http://v8.1c.ru/8.3/xcf/predef" xmlns:xr="http://v8.1c.ru/8.3/xcf/readable" xmlns:xs="http://www.w3.org/2001/XMLSchema" xmlns:xsi="http://www.w3.org/2001/XMLSchema-instance" version="2.16">
	<ChartOfCalculationTypes uuid="37d32579-c896-4da1-b9e0-71934282bbc3">
		<InternalInfo>
			<xr:GeneratedType name="ChartOfCalculationTypesObject.ВидыРасчета" category="Object">
				<xr:TypeId>28db6c69-4cb0-4a38-b485-2ea165da3962</xr:TypeId>
				<xr:ValueId>ca2d2709-6b34-45e0-aeee-a65d3ece0e9d</xr:ValueId>
			</xr:GeneratedType>
			<xr:GeneratedType name="ChartOfCalculationTypesRef.ВидыРасчета" category="Ref">
				<xr:TypeId>63741e2c-709b-466a-91d0-d804493072d6</xr:TypeId>
				<xr:ValueId>c77c7f67-081d-45ee-9d44-2a699490c664</xr:ValueId>
			</xr:GeneratedType>
			<xr:GeneratedType name="ChartOfCalculationTypesSelection.ВидыРасчета" category="Selection">
				<xr:TypeId>bb38fa0f-2e64-49b7-832d-ca7b2d26cf21</xr:TypeId>
				<xr:ValueId>0bb5c856-3b6f-4850-9472-72a0ac9e772c</xr:ValueId>
			</xr:GeneratedType>
			<xr:GeneratedType name="ChartOfCalculationTypesList.ВидыРасчета" category="List">
				<xr:TypeId>9944961e-0fac-4f2d-be53-55658c41f1bb</xr:TypeId>
				<xr:ValueId>6b3ede56-d634-438f-922d-25c159672f2e</xr:ValueId>
			</xr:GeneratedType>
			<xr:GeneratedType name="ChartOfCalculationTypesManager.ВидыРасчета" category="Manager">
				<xr:TypeId>00860563-77e8-48e2-9621-2ab876c83481</xr:TypeId>
				<xr:ValueId>c83d7d98-cc83-4b6f-ab81-b5f5ab24c4e6</xr:ValueId>
			</xr:GeneratedType>
			<xr:GeneratedType name="DisplacingCalculationTypes.ВидыРасчета" category="DisplacingCalculationTypes">
				<xr:TypeId>07003c1b-8308-4cf5-8817-ac24b171eed2</xr:TypeId>
				<xr:ValueId>07d8e751-27c3-475c-ad94-194595b888d1</xr:ValueId>
			</xr:GeneratedType>
			<xr:GeneratedType name="DisplacingCalculationTypesRow.ВидыРасчета" category="DisplacingCalculationTypesRow">
				<xr:TypeId>26f3ac8c-f044-46fb-a2a0-8216ae6fe7b1</xr:TypeId>
				<xr:ValueId>1ccfc2a9-9971-47b6-9a2a-978205d8a07e</xr:ValueId>
			</xr:GeneratedType>
			<xr:GeneratedType name="BaseCalculationTypes.ВидыРасчета" category="BaseCalculationTypes">
				<xr:TypeId>77b09608-1425-427a-8d14-558fde9208b7</xr:TypeId>
				<xr:ValueId>cb7cd05e-573e-4f71-8e75-1aebdf991693</xr:ValueId>
			</xr:GeneratedType>
			<xr:GeneratedType name="BaseCalculationTypesRow.ВидыРасчета" category="BaseCalculationTypesRow">
				<xr:TypeId>9226b7c7-4184-4268-b91c-84d22644429a</xr:TypeId>
				<xr:ValueId>c9edf2ae-ce20-4a8a-8002-b2d74d511f15</xr:ValueId>
			</xr:GeneratedType>
			<xr:GeneratedType name="LeadingCalculationTypes.ВидыРасчета" category="LeadingCalculationTypes">
				<xr:TypeId>0ce1895c-cd06-4d42-8d91-2943fe404272</xr:TypeId>
				<xr:ValueId>ff4b480d-a96e-4d05-9729-5cceabee6cea</xr:ValueId>
			</xr:GeneratedType>
			<xr:GeneratedType name="LeadingCalculationTypesRow.ВидыРасчета" category="LeadingCalculationTypesRow">
				<xr:TypeId>67dba091-62fd-4787-bc54-245ccfe0beba</xr:TypeId>
				<xr:ValueId>a06c0164-892d-466d-b15a-3c37fef09f89</xr:ValueId>
			</xr:GeneratedType>
		</InternalInfo>
		<Properties>
			<Name>ВидыРасчета</Name>
			<Synonym>
				<v8:item>
					<v8:lang>ru</v8:lang>
					<v8:content>Виды расчета</v8:content>
				</v8:item>
			</Synonym>
			<Comment/>
			<UseStandardCommands>true</UseStandardCommands>
			<CodeLength>9</CodeLength>
			<DescriptionLength>40</DescriptionLength>
			<CodeType>String</CodeType>
			<CodeAllowedLength>Variable</CodeAllowedLength>
			<DefaultPresentation>AsDescription</DefaultPresentation>
			<EditType>InDialog</EditType>
			<QuickChoice>false</QuickChoice>
			<ChoiceMode>BothWays</ChoiceMode>
			<InputByString>
				<xr:Field>ChartOfCalculationTypes.ВидыРасчета.StandardAttribute.Description</xr:Field>
				<xr:Field>ChartOfCalculationTypes.ВидыРасчета.StandardAttribute.Code</xr:Field>
			</InputByString>
			<SearchStringModeOnInputByString>Begin</SearchStringModeOnInputByString>
			<FullTextSearchOnInputByString>DontUse</FullTextSearchOnInputByString>
			<ChoiceDataGetModeOnInputByString>Directly</ChoiceDataGetModeOnInputByString>
			<CreateOnInput>DontUse</CreateOnInput>
			<ChoiceHistoryOnInput>Auto</ChoiceHistoryOnInput>
			<DefaultObjectForm/>
			<DefaultListForm/>
			<DefaultChoiceForm/>
			<AuxiliaryObjectForm/>
			<AuxiliaryListForm/>
			<AuxiliaryChoiceForm/>
			<BasedOn/>
			<DependenceOnCalculationTypes>DontUse</DependenceOnCalculationTypes>
			<BaseCalculationTypes/>
			<ActionPeriodUse>true</ActionPeriodUse>
			<Characteristics/>
			<PredefinedDataUpdate>Auto</PredefinedDataUpdate>
			<IncludeHelpInContents>false</IncludeHelpInContents>
			<DataLockFields/>
			<DataLockControlMode>Managed</DataLockControlMode>
			<FullTextSearch>Use</FullTextSearch>
			<ObjectPresentation/>
			<ExtendedObjectPresentation/>
			<ListPresentation/>
			<ExtendedListPresentation/>
			<Explanation/>
			<DataHistory>DontUse</DataHistory>
			<UpdateDataHistoryImmediatelyAfterWrite>false</UpdateDataHistoryImmediatelyAfterWrite>
			<ExecuteAfterWriteDataHistoryVersionProcessing>false</ExecuteAfterWriteDataHistoryVersionProcessing>
		</Properties>
		<ChildObjects/>
	</ChartOfCalculationTypes>
</MetaDataObject>