﻿<?xml version="1.0" encoding="UTF-8"?>
<PredefinedData xmlns="http://v8.1c.ru/8.3/xcf/predef" xmlns:v8="http://v8.1c.ru/8.1/data/core" xmlns:xr="http://v8.1c.ru/8.3/xcf/readable" xmlns:xs="http://www.w3.org/2001/XMLSchema" xmlns:xsi="http://www.w3.org/2001/XMLSchema-instance" xsi:type="ChartOfAccountsPredefinedItems" version="2.16">
	<Item id="17ea0d48-9bd9-4489-a7d8-55dfc64284b0">
		<Name>Касса</Name>
		<Code>50</Code>
		<Description>Касса</Description>
		<AccountType>ActivePassive</AccountType>
		<OffBalance>false</OffBalance>
		<Order/>
		<AccountingFlags/>
		<ExtDimensionTypes/>
	</Item>
	<Item id="5e3e1b22-f939-408f-85cb-5feaf6450d39">
		<Name>Покупатели</Name>
		<Code>62</Code>
		<Description>Покупатели</Description>
		<AccountType>ActivePassive</AccountType>
		<OffBalance>false</OffBalance>
		<Order/>
		<AccountingFlags/>
		<ExtDimensionTypes>
			<ExtDimensionType name="ChartOfCharacteristicTypes.ВидыСубконто.Покупатель">
				<Turnover>false</Turnover>
				<AccountingFlags/>
			</ExtDimensionType>
		</ExtDimensionTypes>
	</Item>
</PredefinedData>