﻿<?xml version="1.0" encoding="UTF-8"?>
<ConfigDumpInfo xmlns="http://v8.1c.ru/8.3/xcf/dumpinfo" xmlns:xen="http://v8.1c.ru/8.3/xcf/enums" xmlns:xs="http://www.w3.org/2001/XMLSchema" xmlns:xsi="http://www.w3.org/2001/XMLSchema-instance" format="Hierarchical" version="2.16">
	<ConfigVersions>
		<Metadata name="AccountingRegister.БухгалтерскиеПроводки" id="6cebb305-9862-4001-a4bc-16e91cb5c01a" configVersion="7e62cdc95a324c438c7287e39e81aabb00000000">
			<Metadata name="AccountingRegister.БухгалтерскиеПроводки.Resource.Сумма" id="fa74da84-c71d-481c-9261-302bf7f8fbd0"/>
		</Metadata>
		<Metadata name="AccumulationRegister.БонусыСотрудника" id="2fa57143-6a31-4c25-b770-b65b2abd3dd0" configVersion="7fd470f5b1edbc4497aeddb43a53a21400000000">
			<Metadata name="AccumulationRegister.БонусыСотрудника.Resource.СуммаБонусов" id="20f06c04-10c7-4877-8525-c80399496781"/>
			<Metadata name="AccumulationRegister.БонусыСотрудника.Dimension.Сотрудник" id="a0fef575-3d1a-484a-82a5-4aa0fe52ec0e"/>
		</Metadata>
		<Metadata name="AccumulationRegister.Взаиморасчеты" id="b8ae46d0-b322-41ee-885f-59ff405f5529" configVersion="4ff89d9823b8704f98ed7ef2e38afc4200000000">
			<Metadata name="AccumulationRegister.Взаиморасчеты.Dimension.Контрагент" id="68cbc255-fda5-4088-a12c-13dfe9877c00"/>
			<Metadata name="AccumulationRegister.Взаиморасчеты.Resource.Сумма" id="816cc25a-7931-4bcd-b9f5-e80294bf4b5d"/>
		</Metadata>
		<Metadata name="AccumulationRegister.ОборотыПродаж" id="bbd42cdd-0239-40d4-bde7-7da86ade6800" configVersion="2e55c5d220b3f24a9832c3ab370e6bc900000000">
			<Metadata name="AccumulationRegister.ОборотыПродаж.Resource.Сумма" id="14c0d267-4c5e-4b26-966e-9226035ac0c3"/>
			<Metadata name="AccumulationRegister.ОборотыПродаж.Dimension.Контрагент" id="3bd407b5-ac91-458b-8db0-fef2f629244e"/>
			<Metadata name="AccumulationRegister.ОборотыПродаж.Dimension.Номенклатура" id="c5dd9d4a-4499-4cae-b026-e87a3ad12493"/>
			<Metadata name="AccumulationRegister.ОборотыПродаж.Dimension.Сотрудник" id="cdd89592-9473-415d-b028-354ff7ecc23f"/>
		</Metadata>
		<Metadata name="AccumulationRegister.ОстаткиН" id="fd306c1c-0525-4232-bf6a-5e9e694c51c8" configVersion="dbdb02a8a7a7ae48a2d866a325791cd500000000">
			<Metadata name="AccumulationRegister.ОстаткиН.Dimension.Номенклатура" id="6f0ec99d-058b-4ad7-982c-b54a7a3a5c24"/>
			<Metadata name="AccumulationRegister.ОстаткиН.Dimension.Склад" id="6fb00677-30f6-4735-9b1d-e7f0793e976f"/>
			<Metadata name="AccumulationRegister.ОстаткиН.Resource.Количество" id="a0e013ec-c63c-47c0-9e10-768873e85040"/>
		</Metadata>
		<Metadata name="AccumulationRegister.ОстаткиН.ManagerModule" id="fd306c1c-0525-4232-bf6a-5e9e694c51c8.2" configVersion="c64988fc5ff5df45a545cab4a264528b00000000"/>
		<Metadata name="CalculationRegister.Зарплата" id="b7a6af5e-2d6a-4d32-a997-6d451f78abd4" configVersion="f14eb2803a68f147b427d7e16d4f81df00000000">
			<Metadata name="CalculationRegister.Зарплата.Attribute.ФактЧасов" id="340e9059-c723-4b04-a0cd-bb74585b5b19"/>
			<Metadata name="CalculationRegister.Зарплата.Attribute.Оклад" id="773a7890-4910-4af0-afd6-bf122d453ec7"/>
			<Metadata name="CalculationRegister.Зарплата.Resource.Сумма" id="9a106e28-577f-4ca0-a2df-0cc2d670da40"/>
			<Metadata name="CalculationRegister.Зарплата.Dimension.Сотрудник" id="9e5afe79-a35f-46f0-a26d-82bd3a7bb1bb"/>
			<Metadata name="CalculationRegister.Зарплата.Attribute.НормаЧасов" id="e66acc21-d253-4629-8d2d-da14565ca3b1"/>
		</Metadata>
		<Metadata name="CalculationRegister.Зарплата.RecordSetModule" id="b7a6af5e-2d6a-4d32-a997-6d451f78abd4.1" configVersion="e951b4461dac1c42b2dc0312c27e10aa00000000"/>
		<Metadata name="Catalog.ВариантыЗначенийХарактеристик" id="dfd9cad1-0ed8-4341-b8a6-dd49a2294f67" configVersion="81001087dc3e0045972618ba464f88c900000000"/>
		<Metadata name="Catalog.ВидыХарактеристик" id="28b3d29a-684a-4e03-a9b6-e29e1f3d64e8" configVersion="4c6d3bdd7412ad4d9f35f14ff43dbc9e00000000"/>
		<Metadata name="Catalog.Договоры" id="078db1e4-72ba-4adc-9807-f5a384f937a4" configVersion="eac4d35370b07645b402322b7bc4180100000000">
			<Metadata name="Catalog.Договоры.Command.ПрикрепитьФайлДоговора" id="1d1cf1ac-6b83-43b9-859a-05fc5c664175"/>
			<Metadata name="Catalog.Договоры.Command.ПолучитьФайлДоговора" id="e9c3c08e-c644-4f7a-934e-c7acaa94a737"/>
		</Metadata>
		<Metadata name="Catalog.Договоры.Command.ПолучитьФайлДоговора.CommandModule" id="e9c3c08e-c644-4f7a-934e-c7acaa94a737.2" configVersion="5ec9ee68f11b4e499bb4d5c289b98e3e00000000"/>
		<Metadata name="Catalog.Договоры.Command.ПрикрепитьФайлДоговора.CommandModule" id="1d1cf1ac-6b83-43b9-859a-05fc5c664175.2" configVersion="f98e549ecf7e9d4691b84310e40c1fa700000000"/>
		<Metadata name="Catalog.Контрагенты" id="28150383-4258-4712-a9d9-adab461d040e" configVersion="3b377d4d161e874c95d288426d26a48900000000"/>
		<Metadata name="Catalog.Контрагенты.Predefined" id="28150383-4258-4712-a9d9-adab461d040e.1c" configVersion="04951753e0d831439ce3744ca42d226f00000000"/>
		<Metadata name="Catalog.Номенклатура" id="17518547-c150-4b49-9327-2b15ad480c05" configVersion="5871cb0075c8e94fa9d3e58f541e778d00000000">
			<Metadata name="Catalog.Номенклатура.Command.ИзменитьВидНоменклатуры_Множественный" id="e36d64bc-3b06-4842-8ae8-ee1a5e12c763"/>
			<Metadata name="Catalog.Номенклатура.Attribute.ВидНоменклатуры" id="eb88c25a-023d-4267-909c-885e4b803be3"/>
		</Metadata>
		<Metadata name="Catalog.Номенклатура.Command.ИзменитьВидНоменклатуры_Множественный.CommandModule" id="e36d64bc-3b06-4842-8ae8-ee1a5e12c763.2" configVersion="ab38349c1aa4c7419d80d80512e2e1f200000000"/>
		<Metadata name="Catalog.СкладыКомпании" id="e3b7af27-beea-4b1e-af45-dc31df482e90" configVersion="99de3c9b3d19594da145bbe3adca940c00000000"/>
		<Metadata name="Catalog.СкладыКомпании.Predefined" id="e3b7af27-beea-4b1e-af45-dc31df482e90.1c" configVersion="0bee5440133d054fa4d950b0df2fe2b500000000"/>
		<Metadata name="Catalog.Сотрудники" id="3bc0f0d8-7458-4adb-bdd7-3180b5478406" configVersion="27da3fc12d40cd409d5e155a68f5771200000000">
			<Metadata name="Catalog.Сотрудники.TabularSection.Дети" id="01b29be8-f695-49ea-a49c-e78c83f0bed1"/>
			<Metadata name="Catalog.Сотрудники.Command.ЗаполнитьДРуСотрудников" id="05c68190-a274-4e8e-be22-2886c3b47b7a"/>
			<Metadata name="Catalog.Сотрудники.TabularSection.ТрудоваяКнижка" id="86aceb60-c40c-4050-b849-9e28e0645a87"/>
			<Metadata name="Catalog.Сотрудники.Attribute.Подразделение" id="932c151a-3776-4b04-b650-1e3671723f68"/>
			<Metadata name="Catalog.Сотрудники.Attribute.Оклад" id="9c2a6264-1c1a-4289-a7e0-e9795f7ceea9"/>
			<Metadata name="Catalog.Сотрудники.Attribute.ДатаПриемаНаРаботу" id="a1f19bb4-f2aa-4fca-88fc-b1d912ad96cb"/>
			<Metadata name="Catalog.Сотрудники.Attribute.ПроцентБонусов" id="afda12e7-1fd7-4fff-83de-ce2e604b1dce"/>
			<Metadata name="Catalog.Сотрудники.Attribute.Пол" id="cd02672a-3e98-41ce-9eb6-8a04a4b2f3e0"/>
			<Metadata name="Catalog.Сотрудники.TabularSection.ТрудоваяКнижка.Attribute.ДатаУвольнения" id="ce79a191-2882-407f-8505-efbeb71c0c9a"/>
			<Metadata name="Catalog.Сотрудники.TabularSection.ТрудоваяКнижка.Attribute.МестоРаботы" id="db39351d-7c46-4c1d-8e28-075054b1e01e"/>
			<Metadata name="Catalog.Сотрудники.TabularSection.Дети.Attribute.ДатаРождения" id="f24dc86b-e427-4f7f-ba70-b18e996b3dfe"/>
			<Metadata name="Catalog.Сотрудники.Attribute.ДатаРождения" id="f888d149-1e34-441d-95b1-13d7ed076b4b"/>
			<Metadata name="Catalog.Сотрудники.TabularSection.ТрудоваяКнижка.Attribute.ДатаПоступления" id="f98798b0-79cc-44f5-93a2-2945d44c60e6"/>
			<Metadata name="Catalog.Сотрудники.TabularSection.Дети.Attribute.Имя" id="fa210317-fe8a-435d-9dcb-f7b0e2ba8363"/>
		</Metadata>
		<Metadata name="Catalog.Сотрудники.Command.ЗаполнитьДРуСотрудников.CommandModule" id="05c68190-a274-4e8e-be22-2886c3b47b7a.2" configVersion="afec68ea33edde4db04851358693747900000000"/>
		<Metadata name="Catalog.Сотрудники.Form.ФормаВыбораРаботающих" id="a789589b-5c1c-4e02-9f83-72b08b02c342" configVersion="3055eee93d314544839380b6fee9bb4500000000"/>
		<Metadata name="Catalog.Сотрудники.Form.ФормаВыбораРаботающих.Form" id="a789589b-5c1c-4e02-9f83-72b08b02c342.0" configVersion="703dd882ce72b34b9e2d6fe5551fba2300000000"/>
		<Metadata name="Catalog.Сотрудники.Form.ФормаСпискаРаботающих" id="f91b62ba-2435-455d-b501-0740eae64159" configVersion="a3cfc3c30d8d674caf741068fb38edee00000000"/>
		<Metadata name="Catalog.Сотрудники.Form.ФормаСпискаРаботающих.Form" id="f91b62ba-2435-455d-b501-0740eae64159.0" configVersion="175e6e1a7a1a9849ac8eb0aedf17a51d00000000"/>
		<Metadata name="Catalog.Сотрудники.Form.ФормаЭлемента" id="d5ee259c-b169-48ee-873c-50dcee64915d" configVersion="762d6798d64ab74cb7dda98a8de874d000000000"/>
		<Metadata name="Catalog.Сотрудники.Form.ФормаЭлемента.Form" id="d5ee259c-b169-48ee-873c-50dcee64915d.0" configVersion="5b71753b605f404e951ea10827473f5500000000"/>
		<Metadata name="Catalog.Сотрудники.ManagerModule" id="3bc0f0d8-7458-4adb-bdd7-3180b5478406.3" configVersion="3b6ff4fde09c1244a8d600e8e7f8856d00000000"/>
		<Metadata name="Catalog.Сотрудники.Predefined" id="3bc0f0d8-7458-4adb-bdd7-3180b5478406.1c" configVersion="3863490859c3ac4aa38f646d8589183900000000"/>
		<Metadata name="Catalog.СтруктураОгранизации" id="b31c0a63-6c9f-4426-af3f-00b63c5b330c" configVersion="bf3ffb20619c674082785cd3356043f700000000"/>
		<Metadata name="ChartOfAccounts.ПланыСчетовБухгалтерии" id="c8b131a6-6563-4abd-8318-c697591ce630" configVersion="7da81dc046da1c4dbb0e59abcb1e10cb00000000"/>
		<Metadata name="ChartOfAccounts.ПланыСчетовБухгалтерии.Predefined" id="c8b131a6-6563-4abd-8318-c697591ce630.9" configVersion="ee9795c9b678d24f9ae35106155ce55b00000000"/>
		<Metadata name="ChartOfCalculationTypes.ВидыРасчета" id="37d32579-c896-4da1-b9e0-71934282bbc3" configVersion="f886dd02b9251b42a93ce9967accadd000000000"/>
		<Metadata name="ChartOfCalculationTypes.ВидыРасчета.Predefined" id="37d32579-c896-4da1-b9e0-71934282bbc3.2" configVersion="fe9ec4614dce054e830f9fe196d63f8c00000000"/>
		<Metadata name="ChartOfCharacteristicTypes.ВидыСубконто" id="acb26224-249f-4ce4-bd8d-7aa72a47d532" configVersion="0c1e4a6a19d73a40a50c7c38c45a785e00000000"/>
		<Metadata name="ChartOfCharacteristicTypes.ВидыСубконто.Predefined" id="acb26224-249f-4ce4-bd8d-7aa72a47d532.7" configVersion="197e683b30b92f468933a2523c0f1a0400000000"/>
		<Metadata name="ChartOfCharacteristicTypes.ВидыХарактеристик" id="5dba96bc-bb46-4598-9a9a-837c985fa98d" configVersion="d9003395ac4dfc46be6a5449f478a1ce00000000"/>
		<Metadata name="CommandGroup.ЗарплатныеОперации" id="7f040b56-b058-4821-b278-44f343c945d5" configVersion="9e6c0736be27a544a9ef142274871f7c00000000"/>
		<Metadata name="CommandGroup.ПериодическиеДанные" id="fc4f9699-80be-41ac-9b4e-2e807de17729" configVersion="be8ea2323ed05945a6b6fb9c9678aa8f00000000"/>
		<Metadata name="CommandGroup.ТорговыеОперации" id="f5ccc34f-3afc-414a-a0f7-b5a0339444e3" configVersion="8ce92f06f26d2b4ca16c3f58460500f900000000"/>
		<Metadata name="CommandGroup.УчетныеДанные" id="20928662-bdb2-47cf-9ba6-1299bfa65fdc" configVersion="33cc6b2921363e4993dff9d2d606111d00000000"/>
		<Metadata name="CommandGroup.ФинансовыеОперации" id="c0ea09b9-e2c0-4b15-8303-9f26364de6b7" configVersion="f9be22be9825ac49b2281717c018928800000000"/>
		<Metadata name="CommandGroup.Характеристики" id="d582f01e-f309-4a35-a12d-527d1c6141ed" configVersion="eab4091f65edfa45ba87610425c2336200000000"/>
		<Metadata name="CommonAttribute.Склад" id="3ca656dc-f2d5-4533-8bf6-9bed88e58b2f" configVersion="2970835c4d2aea49898c3668c883a64e00000000"/>
		<Metadata name="CommonCommand.ПокажиВремя" id="64fbdb5e-6090-4e41-9767-3f887b121101" configVersion="bf48ee9ef158a144b811a07b44622c2800000000"/>
		<Metadata name="CommonCommand.ПокажиВремя.CommandModule" id="64fbdb5e-6090-4e41-9767-3f887b121101.2" configVersion="10f561b04914af48b192003e0c6e582400000000"/>
		<Metadata name="CommonForm.ФормаКонстант" id="4552d6ac-3527-45be-ad53-ba65ee73ddd1" configVersion="ea5a6425fc1d974e87dce0681300a61e00000000"/>
		<Metadata name="CommonForm.ФормаКонстант.Form" id="4552d6ac-3527-45be-ad53-ba65ee73ddd1.0" configVersion="49bbc1fe5147e5459152f63c90860f9700000000"/>
		<Metadata name="CommonModule.РаботаСКонстантамиВызовСервера" id="ce37932f-431b-4641-9d56-382e893030e4" configVersion="e95691455f9f7245a25bcc546713bca500000000"/>
		<Metadata name="CommonModule.РаботаСКонстантамиВызовСервера.Module" id="ce37932f-431b-4641-9d56-382e893030e4.0" configVersion="30b17926d237d2478fde31312250c54000000000"/>
		<Metadata name="CommonModule.РаботаСФайламиКлиент" id="ec0f8449-9c7a-4b47-bbe4-9738bbd43570" configVersion="2527eec9f5f9c346ac86930fe98e98df00000000"/>
		<Metadata name="CommonModule.РаботаСФайламиКлиент.Module" id="ec0f8449-9c7a-4b47-bbe4-9738bbd43570.0" configVersion="6427b68bc877a148bb31b1ae8c55c9ee00000000"/>
		<Metadata name="CommonModule.УКЗ_ВызовСервера" id="efb87279-d92b-4970-b434-4396f7c1767d" configVersion="19a1193624995046aeab8932e3588dd700000000"/>
		<Metadata name="CommonModule.УКЗ_ВызовСервера.Module" id="efb87279-d92b-4970-b434-4396f7c1767d.0" configVersion="69affd7b3fc5234c9b32f3a4d90cb70400000000"/>
		<Metadata name="CommonModule.УКЗ_Клиент" id="620bb07a-9581-4d13-b375-39ade1b35db0" configVersion="b34a8f6fa11f044a986b5574e4be5f9300000000"/>
		<Metadata name="CommonModule.УКЗ_Клиент.Module" id="620bb07a-9581-4d13-b375-39ade1b35db0.0" configVersion="7f333ff47dfb0249835eb90f6acc836f00000000"/>
		<Metadata name="CommonPicture.Подсистема_БухгалтерскийУчет" id="aa042caf-c08e-417f-9caa-e1910d6f032a" configVersion="e9f3b9c2bac03e4593f3a5848905a64500000000"/>
		<Metadata name="CommonPicture.Подсистема_БухгалтерскийУчет.Picture" id="aa042caf-c08e-417f-9caa-e1910d6f032a.0" configVersion="6a22bf6d5d480047b9e2efe4db03005700000000"/>
		<Metadata name="CommonPicture.Подсистема_КадровыйУчет" id="e0d8ed9c-e26a-4e8b-b421-22d7bc4bf809" configVersion="ddaa3fe6a581e94b9772b3f48d82d17d00000000"/>
		<Metadata name="CommonPicture.Подсистема_КадровыйУчет.Picture" id="e0d8ed9c-e26a-4e8b-b421-22d7bc4bf809.0" configVersion="749a4408c35ecb499a73835c9e5bb70e00000000"/>
		<Metadata name="CommonPicture.Подсистема_ТорговыйУчет" id="1eda31f3-183a-4fde-abee-d181c19d4399" configVersion="1a7166e1e934824ea3b7065c0b8ae3c400000000"/>
		<Metadata name="CommonPicture.Подсистема_ТорговыйУчет.Picture" id="1eda31f3-183a-4fde-abee-d181c19d4399.0" configVersion="56d79ee6e33b4a4daf25368150b12f5800000000"/>
		<Metadata name="CommonTemplate.ПрограммнаяМодельПрикладныхОбъектов" id="f10b762b-88d1-4d49-a622-4e3def0fd732" configVersion="35f99cd1748e0a4391d92f90cd01e43000000000"/>
		<Metadata name="CommonTemplate.ПрограммнаяМодельПрикладныхОбъектов.Template" id="f10b762b-88d1-4d49-a622-4e3def0fd732.0" configVersion="66767e8911d3ad4badab9de58964779a00000000"/>
		<Metadata name="CommonTemplate.УстройствоБазыДанных" id="83d4c841-6920-44ff-a339-48aba781ade0" configVersion="12e4598edd295541a5966086154860fa00000000"/>
		<Metadata name="CommonTemplate.УстройствоБазыДанных.Template" id="83d4c841-6920-44ff-a339-48aba781ade0.0" configVersion="55857a6c91a9d44f89af96f3b228177f00000000"/>
		<Metadata name="Configuration.Конфигурация" id="351a36c9-78b2-4589-a73b-80b2008c7a2d" configVersion="69784555671422429b85815104a1f07600000000"/>
		<Metadata name="Configuration.Конфигурация.ClientApplicationInterface" id="b5eb53d4-8158-41ba-aec4-86fa9f512339.b" configVersion="8a866759cbb39d4285456dfc94ed242300000000"/>
		<Metadata name="Configuration.Конфигурация.CommandInterface" id="b5eb53d4-8158-41ba-aec4-86fa9f512339.a" configVersion="7345b06f75e62247bd1acb4ae8aefe4700000000"/>
		<Metadata name="Configuration.Конфигурация.HomePageWorkArea" id="b5eb53d4-8158-41ba-aec4-86fa9f512339.8" configVersion="cf66c3fd17c12740b2f94431930d191600000000"/>
		<Metadata name="Configuration.Конфигурация.ManagedApplicationModule" id="b5eb53d4-8158-41ba-aec4-86fa9f512339.6" configVersion="3222bfe0e0e1894aa93c8cfc9b578ce500000000"/>
		<Metadata name="Constant.ГенеральныйДиректор" id="c38aaaf9-d6fc-46da-9c9f-42ed9aab48ec" configVersion="1ef818d4bbd63243b430922107bc162300000000"/>
		<Metadata name="Constant.ИНН" id="6e6c7476-f44f-4e7d-ab6f-3c8be0f34ae6" configVersion="896512e24016ac42977d17acd9129fea00000000"/>
		<Metadata name="Constant.НазваниеОрганизации" id="1c64f172-ea32-433c-acde-7990418abee9" configVersion="bfba49c7c6619b44abc57b02ce34798700000000"/>
		<Metadata name="Constant.СкладскойУчет" id="a891897b-5f2c-4c28-982d-fb0ef7d91db5" configVersion="1b5a07df17fb2743b8b64dac555111b400000000"/>
		<Metadata name="DataProcessor.ЗаполнениеПроизводственногоКалендаря" id="deef3d6b-7c49-4de5-8010-ad82d8c2996d" configVersion="c2f2f78ba2e4544691df470edd424fd800000000">
			<Metadata name="DataProcessor.ЗаполнениеПроизводственногоКалендаря.TabularSection.СписокДней.Attribute.Дата" id="205de504-d7a5-41a2-81c9-84a0ed126e73"/>
			<Metadata name="DataProcessor.ЗаполнениеПроизводственногоКалендаря.TabularSection.СписокДней.Attribute.КоличествоЧасов" id="359ba75e-fa6c-437e-bb9d-1cb417be0eaf"/>
			<Metadata name="DataProcessor.ЗаполнениеПроизводственногоКалендаря.TabularSection.СписокДней" id="35f5ee61-57dd-43f1-b9ae-75be960cc002"/>
			<Metadata name="DataProcessor.ЗаполнениеПроизводственногоКалендаря.Attribute.ДатаОкончания" id="481a3321-a301-4f94-8406-3d42b7137792"/>
			<Metadata name="DataProcessor.ЗаполнениеПроизводственногоКалендаря.TabularSection.СписокДней.Attribute.Рабочий" id="613c8ffb-7693-4fb6-a521-1d6c9735b68d"/>
			<Metadata name="DataProcessor.ЗаполнениеПроизводственногоКалендаря.Attribute.ДатаНачала" id="c08c8312-0b56-4734-85e3-116d26401494"/>
			<Metadata name="DataProcessor.ЗаполнениеПроизводственногоКалендаря.Attribute.НормаЧасов" id="e224dd72-5ae8-4b68-be0e-99efbd0cd6ca"/>
		</Metadata>
		<Metadata name="DataProcessor.ЗаполнениеПроизводственногоКалендаря.Form.Форма" id="4eb7327b-3205-4844-9d95-7396c0f3b133" configVersion="59313f76f9fe6f40b730a1607fd4fe0600000000"/>
		<Metadata name="DataProcessor.ЗаполнениеПроизводственногоКалендаря.Form.Форма.Form" id="4eb7327b-3205-4844-9d95-7396c0f3b133.0" configVersion="3cf5acb508a30c41b52ae9c9002b4f0700000000"/>
		<Metadata name="DataProcessor.КонсольЗапросов" id="1f531ac8-a3a0-4c57-92b2-76601e27a4ad" configVersion="31cfc85f46d78d44b9a9b60dffbd735c00000000">
			<Metadata name="DataProcessor.КонсольЗапросов.TabularSection.Параметры.Attribute.Значение" id="1290c232-a193-456c-873d-aae4bcfb4dfd"/>
			<Metadata name="DataProcessor.КонсольЗапросов.TabularSection.Параметры.Attribute.Имя" id="1e31ae16-0a97-4eb8-a794-db4e8b184cbd"/>
			<Metadata name="DataProcessor.КонсольЗапросов.TabularSection.Запросы.Attribute.АдресХранилищаПланаЗапроса" id="1ee773be-caaf-47ba-a331-2956e77ec342"/>
			<Metadata name="DataProcessor.КонсольЗапросов.TabularSection.Запросы.Attribute.Идентификатор" id="248c9207-30a8-49bc-a4a9-6723d4ebfe43"/>
			<Metadata name="DataProcessor.КонсольЗапросов.TabularSection.Параметры.Attribute.ИдентификаторЗапроса" id="2526c1ac-db78-4d61-8497-fc8fbf1527a1"/>
			<Metadata name="DataProcessor.КонсольЗапросов.Attribute.ИспользоватьАвтосохранение" id="2c277584-ddd1-4222-8a69-b020fa25b951"/>
			<Metadata name="DataProcessor.КонсольЗапросов.TabularSection.Параметры.Attribute.Идентификатор" id="320c2570-b133-416c-979b-993e732d3e60"/>
			<Metadata name="DataProcessor.КонсольЗапросов.TabularSection.Запросы.Attribute.Имя" id="4eb147b2-1c7f-45ce-a6b1-c0d2e549d195"/>
			<Metadata name="DataProcessor.КонсольЗапросов.Attribute.ПутьКФормам" id="52258244-77ff-4e7c-83d2-efbd55165d1b"/>
			<Metadata name="DataProcessor.КонсольЗапросов.TabularSection.Запросы.Attribute.КоличествоСтрок" id="557da544-5cd7-406c-be35-d83bb0f71ce3"/>
			<Metadata name="DataProcessor.КонсольЗапросов.Attribute.ПериодАвтосохранения" id="76528ee3-ae04-416c-b80a-ac3747ce07fd"/>
			<Metadata name="DataProcessor.КонсольЗапросов.Attribute.ВыводитьВРезультатахЗапросаЗначенияСсылок" id="9004d60f-4165-46c8-acc0-de0504ea20d5"/>
			<Metadata name="DataProcessor.КонсольЗапросов.Attribute.ДоступныеТипыДанных" id="9673e4a9-e550-42a2-970d-9385adb98919"/>
			<Metadata name="DataProcessor.КонсольЗапросов.TabularSection.Параметры.Attribute.Тип" id="9837573f-3710-4534-84c9-cbc5ac120c83"/>
			<Metadata name="DataProcessor.КонсольЗапросов.TabularSection.Запросы.Attribute.АдресРезультатовЗапроса" id="a1829f95-b918-4233-a50b-159134427d82"/>
			<Metadata name="DataProcessor.КонсольЗапросов.TabularSection.Запросы.Attribute.Текст" id="b0755f82-c364-42df-b8b5-fa6d17950915"/>
			<Metadata name="DataProcessor.КонсольЗапросов.Attribute.ЧередованиеЦветовВРезультатеЗапроса" id="c1533068-bddf-4376-949a-d195ca2d0d73"/>
			<Metadata name="DataProcessor.КонсольЗапросов.Attribute.ТипОбхода" id="c5cc8059-4517-4e20-a6f3-8c725d433d46"/>
			<Metadata name="DataProcessor.КонсольЗапросов.TabularSection.Запросы" id="cf148bf5-d8fe-4c39-a0f9-a1a96fd79ba2"/>
			<Metadata name="DataProcessor.КонсольЗапросов.Attribute.ИмяФайла" id="d39ec092-07d4-45f3-8bfc-23b1e46d6e0d"/>
			<Metadata name="DataProcessor.КонсольЗапросов.TabularSection.Параметры" id="f383417a-b752-4800-a4cb-936f953b8cae"/>
			<Metadata name="DataProcessor.КонсольЗапросов.TabularSection.Запросы.Attribute.АдресРезультата" id="fbb363c8-64f7-43d5-9f8d-d6fe669245dc"/>
			<Metadata name="DataProcessor.КонсольЗапросов.TabularSection.Запросы.Attribute.ВремяВыполнения" id="fcd59760-0898-4411-8d81-b31ccb0657e3"/>
		</Metadata>
		<Metadata name="DataProcessor.КонсольЗапросов.Form.ВыборЗапроса" id="718623b0-7151-4be4-a261-c65fe298d5d2" configVersion="84e4725e1e061443861f473b52c167e400000000"/>
		<Metadata name="DataProcessor.КонсольЗапросов.Form.ВыборЗапроса.Form" id="718623b0-7151-4be4-a261-c65fe298d5d2.0" configVersion="cbcbeb9a0e187444a46905a4c9c6bd9900000000"/>
		<Metadata name="DataProcessor.КонсольЗапросов.Form.Граница" id="8b6fe625-cc30-4126-b298-680ae96487bb" configVersion="721235099fad6c4a9091cb7837afc77400000000"/>
		<Metadata name="DataProcessor.КонсольЗапросов.Form.Граница.Form" id="8b6fe625-cc30-4126-b298-680ae96487bb.0" configVersion="78a63ea225e6fa48af3eb7b4dfa867f000000000"/>
		<Metadata name="DataProcessor.КонсольЗапросов.Form.МоментВремени" id="44c7d66f-4b08-4e41-83b3-e3cfe2c474e2" configVersion="1c040b0d1ea1684fa3b472c7eb5b6f3700000000"/>
		<Metadata name="DataProcessor.КонсольЗапросов.Form.МоментВремени.Form" id="44c7d66f-4b08-4e41-83b3-e3cfe2c474e2.0" configVersion="25c502d803a1a24f87d823fd208523ea00000000"/>
		<Metadata name="DataProcessor.КонсольЗапросов.Form.Настройки" id="580be7e2-d560-4d76-9e27-4f99ae4f0129" configVersion="60b35b1717f7ab45a552e1d22a02ec1200000000"/>
		<Metadata name="DataProcessor.КонсольЗапросов.Form.Настройки.Form" id="580be7e2-d560-4d76-9e27-4f99ae4f0129.0" configVersion="5a9e66e68a73cb4aa60bb1e03054519200000000"/>
		<Metadata name="DataProcessor.КонсольЗапросов.Form.ПланВыполненияЗапроса" id="f8143f66-251b-4f6e-a935-22c14fddaad7" configVersion="a3871993a4af8e40b410e56dcdf0966200000000"/>
		<Metadata name="DataProcessor.КонсольЗапросов.Form.ПланВыполненияЗапроса.Form" id="f8143f66-251b-4f6e-a935-22c14fddaad7.0" configVersion="5f18f52be094234894d6ca9b8006749100000000"/>
		<Metadata name="DataProcessor.КонсольЗапросов.Form.РезультатЗапроса" id="ffd00e16-ecbb-4f0f-b168-5b94c6eb9604" configVersion="92760a87c077f0499415e5584d5d6aaa00000000"/>
		<Metadata name="DataProcessor.КонсольЗапросов.Form.РезультатЗапроса.Form" id="ffd00e16-ecbb-4f0f-b168-5b94c6eb9604.0" configVersion="3733996ecdd8a246a9ef75bf8608141a00000000"/>
		<Metadata name="DataProcessor.КонсольЗапросов.Form.ТаблицаЗначений" id="6c852156-5b43-467e-bde2-76400ae5cc3f" configVersion="acc1c824f3a09c438c1f318664e2d07000000000"/>
		<Metadata name="DataProcessor.КонсольЗапросов.Form.ТаблицаЗначений.Form" id="6c852156-5b43-467e-bde2-76400ae5cc3f.0" configVersion="ad2c18a22c12a242bf16c9e32b56cc7400000000"/>
		<Metadata name="DataProcessor.КонсольЗапросов.Form.ТекстЗапросаДляКонфигуратора" id="d26457bd-9f8d-411b-ae43-2c3f45629304" configVersion="85fe6963f1d2594d8125e15c099adae000000000"/>
		<Metadata name="DataProcessor.КонсольЗапросов.Form.ТекстЗапросаДляКонфигуратора.Form" id="d26457bd-9f8d-411b-ae43-2c3f45629304.0" configVersion="1526b24a2ca528479792f383b41a206200000000"/>
		<Metadata name="DataProcessor.КонсольЗапросов.Form.Форма" id="931a21ba-13ac-4651-abed-5a66ec0e84a7" configVersion="77a5878e611d9e42a8c9732f81ad0c2900000000"/>
		<Metadata name="DataProcessor.КонсольЗапросов.Form.Форма.Form" id="931a21ba-13ac-4651-abed-5a66ec0e84a7.0" configVersion="87ce92d77c465e449d6a323a1a89421c00000000"/>
		<Metadata name="DataProcessor.КонсольЗапросов.Help" id="1f531ac8-a3a0-4c57-92b2-76601e27a4ad.1" configVersion="55b088987a7073489b460d46b9d24c1100000000"/>
		<Metadata name="DataProcessor.КонсольЗапросов.ObjectModule" id="1f531ac8-a3a0-4c57-92b2-76601e27a4ad.0" configVersion="ba87d016fa3ed64386f20dc0f2b8fb7c00000000"/>
		<Metadata name="DataProcessor.КонсольЗапросов.Template.РезультатВыполненияЗапроса" id="860507d7-f639-4a56-8314-94346717a5fd" configVersion="f124aa8cb0f4b141b66f4aee5735d1fc00000000"/>
		<Metadata name="DataProcessor.КонсольЗапросов.Template.РезультатВыполненияЗапроса.Template" id="860507d7-f639-4a56-8314-94346717a5fd.0" configVersion="7c0befa91f7abd4593c08328a1a0bb5300000000"/>
		<Metadata name="DefinedType.ДенежныеСредства" id="ebda6482-a5ee-434f-8125-132f6c328a6e" configVersion="307b9f8bcd24d441ba766148b41db8d900000000"/>
		<Metadata name="Document.ЗаказКлиента" id="6ea2ac7e-4ddd-42f0-9317-9f26302f8977" configVersion="34195885d61cb94a82037eb6a91132d500000000">
			<Metadata name="Document.ЗаказКлиента.TabularSection.Товары.Attribute.Количество" id="1cf42454-a97d-4b60-b4fa-0b588733ca6c"/>
			<Metadata name="Document.ЗаказКлиента.Attribute.ВсегоПоТоварам" id="2b7a4a1b-47d2-434b-bdc0-5324dfedbf24"/>
			<Metadata name="Document.ЗаказКлиента.Attribute.Клиент" id="3dc3061f-b1f2-4cbc-a06e-d82d48681b28"/>
			<Metadata name="Document.ЗаказКлиента.Attribute.Сотрудник" id="52836e66-4f2d-4926-a3ca-0ec92530d293"/>
			<Metadata name="Document.ЗаказКлиента.Attribute.ИтоговаяСумма" id="5acf1d49-12ec-43c2-a195-869eb8386d30"/>
			<Metadata name="Document.ЗаказКлиента.TabularSection.Товары.Attribute.Товар" id="7314be6f-da77-4def-af62-f3b3e11379f8"/>
			<Metadata name="Document.ЗаказКлиента.TabularSection.Товары.Attribute.Цена" id="7c1626bc-f341-4989-80e8-bde2e8af5ac0"/>
			<Metadata name="Document.ЗаказКлиента.TabularSection.Услуги" id="825976ef-92a5-4402-954c-ef7acc478e7c"/>
			<Metadata name="Document.ЗаказКлиента.TabularSection.Товары.Attribute.Сумма" id="8b93536f-6b57-4a78-a1f5-e3f61bae8996"/>
			<Metadata name="Document.ЗаказКлиента.Attribute.Договор" id="9ae3c3ee-711c-4fe0-81af-344955a6ed4a"/>
			<Metadata name="Document.ЗаказКлиента.TabularSection.Услуги.Attribute.Услуга" id="a74df56d-4bf2-4770-bcae-c2b32dbcb687"/>
			<Metadata name="Document.ЗаказКлиента.TabularSection.Товары" id="b5fa8c18-6f45-4f01-b208-c0b8dca9d3f7"/>
			<Metadata name="Document.ЗаказКлиента.TabularSection.Услуги.Attribute.Сумма" id="ec80477c-d8fb-461d-9912-16e50f99368c"/>
			<Metadata name="Document.ЗаказКлиента.Attribute.ВсегоПоУслугам" id="fdb7e18a-82b6-49b3-868c-56805d4a333c"/>
		</Metadata>
		<Metadata name="Document.ЗаказКлиента.Form.ФормаДокумента" id="56965865-70d4-49fb-8810-84f1a8dcddad" configVersion="bfa78b2f3c610a4ca7d9c9230d7efc5900000000"/>
		<Metadata name="Document.ЗаказКлиента.Form.ФормаДокумента.Form" id="56965865-70d4-49fb-8810-84f1a8dcddad.0" configVersion="666c0ebed0391c408fa17ee511c1441700000000"/>
		<Metadata name="Document.ЗаказКлиента.Form.ФормаСписка" id="19e023a8-dc68-4b02-8a5f-01de37285c3c" configVersion="f84312a9f783bb4d9f9bd38d0184a42400000000"/>
		<Metadata name="Document.ЗаказКлиента.Form.ФормаСписка.Form" id="19e023a8-dc68-4b02-8a5f-01de37285c3c.0" configVersion="0f5ccd0ef2441d47807fc755fa5ff3e100000000"/>
		<Metadata name="Document.ЗаказКлиента.ObjectModule" id="6ea2ac7e-4ddd-42f0-9317-9f26302f8977.0" configVersion="260872982b69fc49a6e0c8ec77f5c35300000000"/>
		<Metadata name="Document.ПКО" id="f8624811-6591-4d74-b253-bde7344e4e90" configVersion="6ef895bb358f314e9b5ef667c0e1a95700000000">
			<Metadata name="Document.ПКО.Attribute.Основание" id="3b28f7a7-ae80-484b-8cf3-bae1ad7e85f4"/>
			<Metadata name="Document.ПКО.Attribute.Клиент" id="85d4e5c4-0c6b-46b8-be73-626c6ed3bc02"/>
			<Metadata name="Document.ПКО.Attribute.ИтоговаяСумма" id="8c988de1-765e-418b-bc2c-060745224f26"/>
		</Metadata>
		<Metadata name="Document.ПКО.Form.ФормаДокумента" id="b42c3cf4-5462-4de8-863a-b07baeb1a294" configVersion="cf6c63347fa68249855ad59cb9c6039000000000"/>
		<Metadata name="Document.ПКО.Form.ФормаДокумента.Form" id="b42c3cf4-5462-4de8-863a-b07baeb1a294.0" configVersion="53343dbc63bf8f41b4874d960557ce9300000000"/>
		<Metadata name="Document.ПКО.ObjectModule" id="f8624811-6591-4d74-b253-bde7344e4e90.0" configVersion="4a852687c62c5646a9e14d9124e4a2ef00000000"/>
		<Metadata name="Document.ПриходДенег" id="b81aaee8-7630-42e7-90a5-9677dfc0be94" configVersion="f5879e2922897a44866619d9d9b6175100000000">
			<Metadata name="Document.ПриходДенег.Attribute.ИтоговаяСумма" id="09684658-8d48-4e60-820e-3382bd5a93c8"/>
			<Metadata name="Document.ПриходДенег.Attribute.Клиент" id="81bd0f2a-3afd-489c-bae3-e36c3f08d892"/>
		</Metadata>
		<Metadata name="Document.ПриходДенег.ObjectModule" id="b81aaee8-7630-42e7-90a5-9677dfc0be94.0" configVersion="d8490e4892a4f5489a0f708af2f0da5500000000"/>
		<Metadata name="Document.ПриходнаяНакладная" id="bf92a1c0-bd29-4807-be60-98d566d5e5fa" configVersion="57070abd29465649afb7c62c92a6771800000000">
			<Metadata name="Document.ПриходнаяНакладная.TabularSection.Товары.Attribute.Товар" id="11652a32-36df-4b8a-906d-6c06d0abf11c"/>
			<Metadata name="Document.ПриходнаяНакладная.Attribute.Сотрудник" id="218cc055-9800-4405-95f8-30d66c63c219"/>
			<Metadata name="Document.ПриходнаяНакладная.TabularSection.Товары" id="35d1776c-d018-46a5-8ff5-9b5c7b5c1017"/>
			<Metadata name="Document.ПриходнаяНакладная.TabularSection.Товары.Attribute.Сумма" id="3c45425b-a5ea-4984-a52d-175dcc26c091"/>
			<Metadata name="Document.ПриходнаяНакладная.TabularSection.Товары.Attribute.Цена" id="51369c9e-4877-46c0-b199-7317c43a0404"/>
			<Metadata name="Document.ПриходнаяНакладная.Attribute.Договор" id="5cf7dd7b-468e-4f5e-a80e-78690e561f89"/>
			<Metadata name="Document.ПриходнаяНакладная.TabularSection.Товары.Attribute.Количество" id="95292804-8487-42a9-80d5-a53e13eeedd0"/>
			<Metadata name="Document.ПриходнаяНакладная.Attribute.ИтоговаяСумма" id="af1ab095-9813-443f-99d8-a425ed38652e"/>
			<Metadata name="Document.ПриходнаяНакладная.Attribute.Клиент" id="b7f489db-ca2f-43b8-af15-e4ca3a2249d6"/>
		</Metadata>
		<Metadata name="Document.ПриходнаяНакладная.Form.ФормаДокумента" id="958bdbd0-2743-4fca-8924-4ac37e93fb00" configVersion="44e2b67d46f934409eebbf98592fecfe00000000"/>
		<Metadata name="Document.ПриходнаяНакладная.Form.ФормаДокумента.Form" id="958bdbd0-2743-4fca-8924-4ac37e93fb00.0" configVersion="eddd1c873cc2d643b06a27e3a8fe436400000000"/>
		<Metadata name="Document.ПриходнаяНакладная.ObjectModule" id="bf92a1c0-bd29-4807-be60-98d566d5e5fa.0" configVersion="da8f7ae39a072e42a595a8616a7e860900000000"/>
		<Metadata name="Document.РасходнаяНакладная" id="87c37457-68d3-4292-86b0-28201da1daf1" configVersion="10e2a6e70ecd27408e5a1fff3f4b932d00000000">
			<Metadata name="Document.РасходнаяНакладная.TabularSection.Товары.Attribute.Сумма" id="0233e0e2-6ad3-47b6-a755-97ef67ce634e"/>
			<Metadata name="Document.РасходнаяНакладная.TabularSection.Услуги.Attribute.Сумма" id="21027f10-5b61-46d3-9315-bb94655f603d"/>
			<Metadata name="Document.РасходнаяНакладная.TabularSection.Товары.Attribute.Товар" id="2d6445d3-89eb-425d-8b89-5b5ef52440c6"/>
			<Metadata name="Document.РасходнаяНакладная.Attribute.Клиент" id="4e80a384-3710-4595-9bc6-a290e2e9198a"/>
			<Metadata name="Document.РасходнаяНакладная.TabularSection.Товары" id="6eb3cee9-ea67-4754-8f34-ac1257d09607"/>
			<Metadata name="Document.РасходнаяНакладная.Attribute.Договор" id="75190687-f2b1-49ac-a344-3052266bf2a4"/>
			<Metadata name="Document.РасходнаяНакладная.Attribute.Основание" id="7c9fffb8-cf4e-4e9f-b85d-bc87f9d69d41"/>
			<Metadata name="Document.РасходнаяНакладная.TabularSection.Товары.Attribute.Количество" id="844baf23-b7b8-4cd6-9482-3b31489e2258"/>
			<Metadata name="Document.РасходнаяНакладная.Attribute.ИтоговаяСумма" id="b746acb9-4147-4db6-b9e7-2c0c4d136be4"/>
			<Metadata name="Document.РасходнаяНакладная.TabularSection.Товары.Attribute.Цена" id="c1827aee-966d-4802-a6ec-fc6dff3fe5f6"/>
			<Metadata name="Document.РасходнаяНакладная.TabularSection.Услуги" id="c9379480-fb98-41d6-b116-f2fd49e89b4f"/>
			<Metadata name="Document.РасходнаяНакладная.Attribute.Сотрудник" id="cb629222-0a5f-41df-9e5c-949c4d84c8e8"/>
			<Metadata name="Document.РасходнаяНакладная.Attribute.ВсегоПоТоварам" id="e79f0955-1415-4aec-9e30-498cf6a9baf2"/>
			<Metadata name="Document.РасходнаяНакладная.TabularSection.Услуги.Attribute.Услуга" id="fa6781cb-1e0c-4693-a28b-1d774e25ea0e"/>
			<Metadata name="Document.РасходнаяНакладная.Attribute.ВсегоПоУслугам" id="fc16172c-0fd1-4f83-93af-776c1a575cb3"/>
		</Metadata>
		<Metadata name="Document.РасходнаяНакладная.Form.ФормаДокумента" id="8d251f75-e7d7-44e4-9707-1f6a0aa296da" configVersion="4aebd000ea1a7f44aaf35a1fbc75f8dd00000000"/>
		<Metadata name="Document.РасходнаяНакладная.Form.ФормаДокумента.Form" id="8d251f75-e7d7-44e4-9707-1f6a0aa296da.0" configVersion="1e01e5519bba7b4c9281bff3166f748500000000"/>
		<Metadata name="Document.РасходнаяНакладная.Form.ФормаДокумента.Help" id="8d251f75-e7d7-44e4-9707-1f6a0aa296da.1" configVersion="1c40c9e89fba1f488995f238d79666a000000000"/>
		<Metadata name="Document.РасходнаяНакладная.Help" id="87c37457-68d3-4292-86b0-28201da1daf1.1" configVersion="9891dc32c1edcc45a496460ce360cf8300000000"/>
		<Metadata name="Document.РасходнаяНакладная.ManagerModule" id="87c37457-68d3-4292-86b0-28201da1daf1.2" configVersion="4e4801021fb8bd48a8e3e3f34312e30900000000"/>
		<Metadata name="Document.РасходнаяНакладная.ObjectModule" id="87c37457-68d3-4292-86b0-28201da1daf1.0" configVersion="3f76b58bb7b6ca41aecb76201ada917900000000"/>
		<Metadata name="Document.РасчетнаяВедомость" id="5f680a70-a591-4a89-ac3e-212cb8e86191" configVersion="477f947b6cc73b428b3593a3f00c3ce700000000">
			<Metadata name="Document.РасчетнаяВедомость.TabularSection.СписокСотрудников.Attribute.Оклад" id="33e52bc8-c794-412b-ae83-5acfffd9e2ed"/>
			<Metadata name="Document.РасчетнаяВедомость.TabularSection.СписокСотрудников.Attribute.Сотрудник" id="580212ca-6bfe-471c-a197-7935c7d0229f"/>
			<Metadata name="Document.РасчетнаяВедомость.TabularSection.СписокСотрудников" id="7e406cba-2c51-46a3-b810-d1b62367f53b"/>
		</Metadata>
		<Metadata name="Document.РасчетнаяВедомость.ObjectModule" id="5f680a70-a591-4a89-ac3e-212cb8e86191.0" configVersion="b3eba5371f42c64ba89490a4ecb5faca00000000"/>
		<Metadata name="Document.РегистрацияПрогула" id="1a482e03-34ae-4a0f-b459-223e5e551e94" configVersion="e537705a53be714fbc26ac4d5814415b00000000">
			<Metadata name="Document.РегистрацияПрогула.Attribute.Сотрудник" id="3d40b220-3652-46ca-859d-6c21d382fe2c"/>
		</Metadata>
		<Metadata name="Document.РегистрацияПрогула.ObjectModule" id="1a482e03-34ae-4a0f-b459-223e5e551e94.0" configVersion="c6f0c6ece99eb142ad4e33d31350904d00000000"/>
		<Metadata name="Document.СчетНаОплату" id="95500f78-152b-4515-808b-611c783031a5" configVersion="9348d5e855d4584591cc712b2f0afcff00000000">
			<Metadata name="Document.СчетНаОплату.Attribute.Договор" id="26d8f08c-a220-41ef-b95c-a94fe7dbfb32"/>
			<Metadata name="Document.СчетНаОплату.Attribute.Основание" id="6563a5b4-a2c2-4c89-9fd7-3e1ac7e465fc"/>
			<Metadata name="Document.СчетНаОплату.Attribute.Клиент" id="70c80b34-a75d-4792-b448-ece3ada23d08"/>
			<Metadata name="Document.СчетНаОплату.Attribute.ИтоговаяСумма" id="82700492-5c5f-4d77-bf3e-12af6ede0564"/>
		</Metadata>
		<Metadata name="Document.СчетНаОплату.Form.ФормаДокумента" id="0373647c-b40e-4504-8071-862f3dfcc739" configVersion="7a473a64821fd24c8398bfc527e68ee000000000"/>
		<Metadata name="Document.СчетНаОплату.Form.ФормаДокумента.Form" id="0373647c-b40e-4504-8071-862f3dfcc739.0" configVersion="fdf2c92b43a9b34b9aa6c20422f9c28900000000"/>
		<Metadata name="Document.СчетНаОплату.ObjectModule" id="95500f78-152b-4515-808b-611c783031a5.0" configVersion="2f5c2d2d6afd51479404110b25a3621400000000"/>
		<Metadata name="DocumentJournal.СкладскиеНакладные" id="e06d3430-df2a-49e9-95d3-2b999f0300c4" configVersion="1456bc659f279f46b34f1387dfab2cda00000000">
			<Metadata name="DocumentJournal.СкладскиеНакладные.Column.Сумма" id="f2bade9d-be9f-4fcf-bd5d-a2c5efaed611"/>
		</Metadata>
		<Metadata name="DocumentJournal.СкладскиеНакладные.Form.ФормаСписка" id="ab9dd49a-b53b-4b42-a88d-4d21a3d27bc4" configVersion="eba4b379a3b33a4c9b79eb212049e98c00000000"/>
		<Metadata name="DocumentJournal.СкладскиеНакладные.Form.ФормаСписка.Form" id="ab9dd49a-b53b-4b42-a88d-4d21a3d27bc4.0" configVersion="387d0e3ef1762343b96c633bf10873cd00000000"/>
		<Metadata name="Enum.ВидыНоменклатуры" id="aa685e6c-5d58-4673-9f0e-0ecde64752bb" configVersion="7e4f9d1bbe858f44b637726f2e2e874a00000000">
			<Metadata name="Enum.ВидыНоменклатуры.EnumValue.Материал" id="633fc8e5-e6cf-4676-9a98-eb4ca8fbfad0"/>
			<Metadata name="Enum.ВидыНоменклатуры.EnumValue.Услуга" id="92ab244b-6022-4664-8965-c28a510e1ea6"/>
			<Metadata name="Enum.ВидыНоменклатуры.EnumValue.Товар" id="a22be367-d6e1-4187-893d-2af41c6aa29b"/>
		</Metadata>
		<Metadata name="Enum.Пол" id="e3683853-d7f7-4ec9-9674-b1bfdfc50d73" configVersion="528f74453b27ca44833dd22462c29f2f00000000">
			<Metadata name="Enum.Пол.EnumValue.Женский" id="81868e23-781b-4dd0-b37c-ae996adec924"/>
			<Metadata name="Enum.Пол.EnumValue.Мужской" id="f8fe2418-2c4f-4e2c-a77e-5a960cfa0adc"/>
		</Metadata>
		<Metadata name="FunctionalOption.СкладскойУчет" id="47923a1e-50ac-4946-9376-60bf58bb6ee9" configVersion="e8ddbcd67cf22440a9127d23b4f619c900000000"/>
		<Metadata name="InformationRegister.ОкладыСотрудников" id="c134f728-cf35-4ef9-b87a-512373d8f9a1" configVersion="fbb4cddc9c60f945955a0d4fd442783b00000000">
			<Metadata name="InformationRegister.ОкладыСотрудников.Resource.Оклад" id="a3bfb47a-3772-4d0b-a0ac-520de4c50fb9"/>
			<Metadata name="InformationRegister.ОкладыСотрудников.Dimension.Сотрудник" id="fd8c1059-6328-4925-a1bf-e1662cfae581"/>
		</Metadata>
		<Metadata name="InformationRegister.ОкладыСотрудников.ManagerModule" id="c134f728-cf35-4ef9-b87a-512373d8f9a1.2" configVersion="2daa08866899ce42972237784d12d8be00000000"/>
		<Metadata name="InformationRegister.ПроизводственныйКалендарь" id="f69afff6-0fe0-4aec-a68d-1e6a02d7943d" configVersion="f2a04d93115d184795dc39be6020b96700000000">
			<Metadata name="InformationRegister.ПроизводственныйКалендарь.Dimension.День" id="5a439d33-315d-49d8-9c9f-de606cdd827b"/>
			<Metadata name="InformationRegister.ПроизводственныйКалендарь.Resource.КоличествоЧасов" id="7597bef8-a488-4dcb-b67d-13fd29266d46"/>
		</Metadata>
		<Metadata name="InformationRegister.ПроизводственныйКалендарь.ManagerModule" id="f69afff6-0fe0-4aec-a68d-1e6a02d7943d.2" configVersion="49c0dd0f2806314d8bab2f9e21cc6bfe00000000"/>
		<Metadata name="InformationRegister.Файлы" id="a827bb08-ed2f-42ca-bfaa-4bfb5993c7f2" configVersion="6d184b12818f514c9dd7bc7531145cd500000000">
			<Metadata name="InformationRegister.Файлы.Attribute.РазмерФайла" id="02371a9d-fa6b-45b8-98e8-6b8831109498"/>
			<Metadata name="InformationRegister.Файлы.Dimension.Объект" id="563dc2a2-b3b1-4c2d-93d5-b760e137b608"/>
			<Metadata name="InformationRegister.Файлы.Attribute.Расширение" id="5ab508c6-4976-4eb6-b315-2d2330c126b6"/>
			<Metadata name="InformationRegister.Файлы.Resource.ДанныеФайла" id="ab6d45b4-c17b-41ea-86e5-75d9de2005d3"/>
		</Metadata>
		<Metadata name="InformationRegister.Файлы.ManagerModule" id="a827bb08-ed2f-42ca-bfaa-4bfb5993c7f2.2" configVersion="82d22ab79b899e42b285f224e2a58f9500000000"/>
		<Metadata name="InformationRegister.ХарактеристикиНоменклатуры" id="37b3e94e-d7ac-47d2-afc3-411d8834f5b7" configVersion="9e5980367d59d946b077b01178c5589c00000000">
			<Metadata name="InformationRegister.ХарактеристикиНоменклатуры.Resource.Значение" id="0088ac95-0e08-4a02-b271-69062e241d3e"/>
			<Metadata name="InformationRegister.ХарактеристикиНоменклатуры.Dimension.Номенклатура" id="9e54e49a-517f-482f-93b9-c7a41de6090a"/>
			<Metadata name="InformationRegister.ХарактеристикиНоменклатуры.Dimension.Характеристика" id="9fd53653-918a-4710-89d4-0e1ee9c7482a"/>
		</Metadata>
		<Metadata name="InformationRegister.ЦеныНоменклатуры" id="2a8658e7-e40c-44d6-9ba8-caa813088195" configVersion="378231d6f740ec40a4ed476af798447a00000000">
			<Metadata name="InformationRegister.ЦеныНоменклатуры.Resource.Цена" id="8961019d-3935-4c3b-89e9-f2db6dac55be"/>
			<Metadata name="InformationRegister.ЦеныНоменклатуры.Dimension.Номенклатура" id="ea3a3c42-35e4-4ca2-bff3-8b3406cec4d8"/>
		</Metadata>
		<Metadata name="InformationRegister.ЦеныНоменклатуры.ManagerModule" id="2a8658e7-e40c-44d6-9ba8-caa813088195.2" configVersion="d883d23891faff4c97c237ed4c2ac1cb00000000"/>
		<Metadata name="Language.Русский" id="843f27cd-11f3-4252-82c1-c8b3c6202d1d" configVersion="07a113932b02c7438451512834e21bb600000000"/>
		<Metadata name="Report.ЗаработнаяПлата" id="91bf79e1-5cee-453a-9fbc-bc63db4bd391" configVersion="dc1e87c8cb861e47834e3bf9908e4cb400000000"/>
		<Metadata name="Report.ЗаработнаяПлата.Template.ОсновнаяСхемаКомпоновкиДанных" id="9200c3ac-683a-4010-a9ae-9767bf92b9d1" configVersion="71081e56a9a7154e84827df11ddcd33f00000000"/>
		<Metadata name="Report.ЗаработнаяПлата.Template.ОсновнаяСхемаКомпоновкиДанных.Template" id="9200c3ac-683a-4010-a9ae-9767bf92b9d1.0" configVersion="82be7d759a5fa546917ac080987f9dfb00000000"/>
		<Metadata name="Report.ОСВ" id="30e2470b-060d-4460-9718-0e04149acf06" configVersion="14861005a4ce244ea8b438ea8e5e29e700000000"/>
		<Metadata name="Report.ОСВ.Template.ОсновнаяСхемаКомпоновкиДанных" id="fa4004cf-3be1-4f74-ab63-cce16c8df044" configVersion="e7846e8f4fe2c14f894c7630312d270000000000"/>
		<Metadata name="Report.ОСВ.Template.ОсновнаяСхемаКомпоновкиДанных.Template" id="fa4004cf-3be1-4f74-ab63-cce16c8df044.0" configVersion="4378781fc22e4044afa5265a223e9ce900000000"/>
		<Metadata name="Report.ОборотыПродаж" id="4c0998ad-5d60-456a-916f-e6a05014a5fe" configVersion="bfc023c3ef92cf4484b1162486569ca400000000"/>
		<Metadata name="Report.ОборотыПродаж.Template.ОсновнаяСхемаКомпоновкиДанных" id="3a007b33-3bda-48d7-800a-3a9e5d779ead" configVersion="1aedc335a8b01f4990a7abcb25a5128600000000"/>
		<Metadata name="Report.ОборотыПродаж.Template.ОсновнаяСхемаКомпоновкиДанных.Template" id="3a007b33-3bda-48d7-800a-3a9e5d779ead.0" configVersion="a93a55e55fdbcd4ba4c0bd4af7b5d74d00000000"/>
		<Metadata name="Report.ОстаткиНоменклатуры" id="c2539c7a-8e52-4986-98d0-aa3cee72f7d8" configVersion="1f88695020a4d144aadd3806b52f16df00000000"/>
		<Metadata name="Report.ОстаткиНоменклатуры.Form.ФормаОтчета" id="ba8acd34-1af6-4749-941c-2208360d888e" configVersion="98e152df742a814db0f7a979a34ab46600000000"/>
		<Metadata name="Report.ОстаткиНоменклатуры.Form.ФормаОтчета.Form" id="ba8acd34-1af6-4749-941c-2208360d888e.0" configVersion="05aaf34674c6994391045f140bd844a800000000"/>
		<Metadata name="Report.ОстаткиНоменклатуры.Template.ОсновнаяСхемаКомпоновкиДанных" id="412a3fb0-b7b2-4fbc-bc04-eee796bcde34" configVersion="ac948c63a0fbf04881e98273396734b300000000"/>
		<Metadata name="Report.ОстаткиНоменклатуры.Template.ОсновнаяСхемаКомпоновкиДанных.Template" id="412a3fb0-b7b2-4fbc-bc04-eee796bcde34.0" configVersion="91715df5af5c2245a017c9e9200a717100000000"/>
		<Metadata name="Report.ОтчетОБонусахСотрудникам" id="3552410a-972e-40a1-9724-eaaa1a35a978" configVersion="5fa120a5d269984792de5e9a67685b8d00000000"/>
		<Metadata name="Report.ОтчетОБонусахСотрудникам.Template.ОсновнаяСхемаКомпоновкиДанных" id="2b46d90c-2e46-4c7f-87fa-581a10f8690e" configVersion="6b03f441e1690241aed6e243a776f8d600000000"/>
		<Metadata name="Report.ОтчетОБонусахСотрудникам.Template.ОсновнаяСхемаКомпоновкиДанных.Template" id="2b46d90c-2e46-4c7f-87fa-581a10f8690e.0" configVersion="569ddbde5d3d484da8923bb85b17867600000000"/>
		<Metadata name="Report.ОтчетОВзаиморасчетах" id="4ffbc19e-cee0-4cc0-9a46-5187cdddd4f6" configVersion="e840166918bcbd4184cb5291befd950b00000000"/>
		<Metadata name="Report.ОтчетОВзаиморасчетах.Template.ОсновнаяСхемаКомпоновкиДанных" id="0766f2d5-f8fc-49f9-b135-3f66a98ebeb5" configVersion="fe9f10892ad0b14c9a52b226866b341f00000000"/>
		<Metadata name="Report.ОтчетОВзаиморасчетах.Template.ОсновнаяСхемаКомпоновкиДанных.Template" id="0766f2d5-f8fc-49f9-b135-3f66a98ebeb5.0" configVersion="b30191024a93ac49ad783fece30918d000000000"/>
		<Metadata name="Role.Кадры" id="977d65ed-7d67-46c0-843a-c845cfb523c6" configVersion="a0126a77baef23448365639bb61aec7200000000"/>
		<Metadata name="Role.Кадры.Rights" id="977d65ed-7d67-46c0-843a-c845cfb523c6.0" configVersion="5afb26dd48259b4fadb72a4d4268dcfa00000000"/>
		<Metadata name="Role.МладшийМенеджер" id="b195e959-f897-40a6-a460-14f3a807a0c7" configVersion="0e3be4e6c6969d41b9572e1659427b9800000000"/>
		<Metadata name="Role.МладшийМенеджер.Rights" id="b195e959-f897-40a6-a460-14f3a807a0c7.0" configVersion="eb35b81d1f4420449d57125d2346dd4400000000"/>
		<Metadata name="Role.ПолныеПрава" id="fa8b9f75-8bc3-48ee-94a6-909e813ee9e4" configVersion="e608f71a92661641907e4bad4bb3c86300000000"/>
		<Metadata name="Role.ПолныеПрава.Rights" id="fa8b9f75-8bc3-48ee-94a6-909e813ee9e4.0" configVersion="3766531aba27c546bee58a3cd9e4621f00000000"/>
		<Metadata name="Style.МойСтиль" id="a6dd60c0-4eb4-4da8-afbd-69fc839dbd8e" configVersion="bac8782248aedd4ba1823a508f0ef98900000000"/>
		<Metadata name="Style.МойСтиль.Style" id="a6dd60c0-4eb4-4da8-afbd-69fc839dbd8e.0" configVersion="4cc73892feabf64e9db39781efdf4a9c00000000"/>
		<Metadata name="Subsystem.БухгалтерскийУчет" id="d081f6a0-3b50-4a30-aedb-de837071a6ee" configVersion="393f48dccaa9614f8ef12a20ca1a94a400000000"/>
		<Metadata name="Subsystem.БухгалтерскийУчет.CommandInterface" id="d081f6a0-3b50-4a30-aedb-de837071a6ee.1" configVersion="a4abc81d8ec0d2438b9d32862c3dcedc00000000"/>
		<Metadata name="Subsystem.КадровыйУчет" id="59954dda-a334-428b-ab2a-542c23641ff0" configVersion="0f0034f15d7b4946b522a976cbba538b00000000"/>
		<Metadata name="Subsystem.КадровыйУчет.CommandInterface" id="59954dda-a334-428b-ab2a-542c23641ff0.1" configVersion="4ce9d1962ca6b944969116754fd700a200000000"/>
		<Metadata name="Subsystem.НСИ" id="82726db6-bd0f-42d3-b93f-fa4163289b8f" configVersion="8aa6e173faa02249be8b59adc4fd8d4e00000000"/>
		<Metadata name="Subsystem.НСИ.CommandInterface" id="82726db6-bd0f-42d3-b93f-fa4163289b8f.1" configVersion="9c033859cfe27c478079292fdfaaf27900000000"/>
		<Metadata name="Subsystem.ТорговыйУчет" id="e735f316-e621-4dcf-a811-adbbe2c58ab4" configVersion="b4a232021be67e47abb7f25a5752d2fd00000000"/>
		<Metadata name="Subsystem.ТорговыйУчет.CommandInterface" id="e735f316-e621-4dcf-a811-adbbe2c58ab4.1" configVersion="65c4827af5c4ca43add690dd3f44aa5000000000"/>
	</ConfigVersions>
</ConfigDumpInfo>