﻿<?xml version="1.0" encoding="UTF-8"?>
<MetaDataObject xmlns="http://v8.1c.ru/8.3/MDClasses" xmlns:app="http://v8.1c.ru/8.2/managed-application/core" xmlns:cfg="http://v8.1c.ru/8.1/data/enterprise/current-config" xmlns:cmi="http://v8.1c.ru/8.2/managed-application/cmi" xmlns:ent="http://v8.1c.ru/8.1/data/enterprise" xmlns:lf="http://v8.1c.ru/8.2/managed-application/logform" xmlns:style="http://v8.1c.ru/8.1/data/ui/style" xmlns:sys="http://v8.1c.ru/8.1/data/ui/fonts/system" xmlns:v8="http://v8.1c.ru/8.1/data/core" xmlns:v8ui="http://v8.1c.ru/8.1/data/ui" xmlns:web="http://v8.1c.ru/8.1/data/ui/colors/web" xmlns:win="http://v8.1c.ru/8.1/data/ui/colors/windows" xmlns:xen="http://v8.1c.ru/8.3/xcf/enums" xmlns:xpr="http://v8.1c.ru/8.3/xcf/predef" xmlns:xr="http://v8.1c.ru/8.3/xcf/readable" xmlns:xs="http://www.w3.org/2001/XMLSchema" xmlns:xsi="http://www.w3.org/2001/XMLSchema-instance" version="2.16">
	<Configuration uuid="351a36c9-78b2-4589-a73b-80b2008c7a2d">
		<InternalInfo>
			<xr:ContainedObject>
				<xr:ClassId>9cd510cd-abfc-11d4-9434-004095e12fc7</xr:ClassId>
				<xr:ObjectId>b5eb53d4-8158-41ba-aec4-86fa9f512339</xr:ObjectId>
			</xr:ContainedObject>
			<xr:ContainedObject>
				<xr:ClassId>9fcd25a0-4822-11d4-9414-008048da11f9</xr:ClassId>
				<xr:ObjectId>981829a7-2102-4074-a620-efea08874cf8</xr:ObjectId>
			</xr:ContainedObject>
			<xr:ContainedObject>
				<xr:ClassId>e3687481-0a87-462c-a166-9f34594f9bba</xr:ClassId>
				<xr:ObjectId>22d5cd83-b1e5-42e8-b6ef-a3fa96e4eb07</xr:ObjectId>
			</xr:ContainedObject>
			<xr:ContainedObject>
				<xr:ClassId>9de14907-ec23-4a07-96f0-85521cb6b53b</xr:ClassId>
				<xr:ObjectId>e10e87ce-a5e4-460e-a370-283aa29a4a1b</xr:ObjectId>
			</xr:ContainedObject>
			<xr:ContainedObject>
				<xr:ClassId>51f2d5d8-ea4d-4064-8892-82951750031e</xr:ClassId>
				<xr:ObjectId>f3629944-d5cb-414a-9ff2-218e8a30a399</xr:ObjectId>
			</xr:ContainedObject>
			<xr:ContainedObject>
				<xr:ClassId>e68182ea-4237-4383-967f-90c1e3370bc7</xr:ClassId>
				<xr:ObjectId>d60dcadf-f91b-4545-aec5-304ba10508d2</xr:ObjectId>
			</xr:ContainedObject>
			<xr:ContainedObject>
				<xr:ClassId>fb282519-d103-4dd3-bc12-cb271d631dfc</xr:ClassId>
				<xr:ObjectId>46c87db8-c709-4f94-83a7-e35a074ceeba</xr:ObjectId>
			</xr:ContainedObject>
		</InternalInfo>
		<Properties>
			<Name>Конфигурация</Name>
			<Synonym/>
			<Comment/>
			<NamePrefix/>
			<ConfigurationExtensionCompatibilityMode>Version8_3_23</ConfigurationExtensionCompatibilityMode>
			<DefaultRunMode>ManagedApplication</DefaultRunMode>
			<UsePurposes>
				<v8:Value xsi:type="app:ApplicationUsePurpose">PlatformApplication</v8:Value>
			</UsePurposes>
			<ScriptVariant>Russian</ScriptVariant>
			<DefaultRoles/>
			<Vendor/>
			<Version/>
			<UpdateCatalogAddress/>
			<IncludeHelpInContents>false</IncludeHelpInContents>
			<UseManagedFormInOrdinaryApplication>false</UseManagedFormInOrdinaryApplication>
			<UseOrdinaryFormInManagedApplication>false</UseOrdinaryFormInManagedApplication>
			<AdditionalFullTextSearchDictionaries/>
			<CommonSettingsStorage/>
			<ReportsUserSettingsStorage/>
			<ReportsVariantsStorage/>
			<FormDataSettingsStorage/>
			<DynamicListsUserSettingsStorage/>
			<URLExternalDataStorage/>
			<Content/>
			<DefaultReportForm/>
			<DefaultReportVariantForm/>
			<DefaultReportSettingsForm/>
			<DefaultReportAppearanceTemplate/>
			<DefaultDynamicListSettingsForm/>
			<DefaultSearchForm/>
			<DefaultDataHistoryChangeHistoryForm/>
			<DefaultDataHistoryVersionDataForm/>
			<DefaultDataHistoryVersionDifferencesForm/>
			<DefaultCollaborationSystemUsersChoiceForm/>
			<RequiredMobileApplicationPermissions/>
			<UsedMobileApplicationFunctionalities>
				<app:functionality>
					<app:functionality>Biometrics</app:functionality>
					<app:use>true</app:use>
				</app:functionality>
				<app:functionality>
					<app:functionality>Location</app:functionality>
					<app:use>false</app:use>
				</app:functionality>
				<app:functionality>
					<app:functionality>BackgroundLocation</app:functionality>
					<app:use>false</app:use>
				</app:functionality>
				<app:functionality>
					<app:functionality>BluetoothPrinters</app:functionality>
					<app:use>false</app:use>
				</app:functionality>
				<app:functionality>
					<app:functionality>WiFiPrinters</app:functionality>
					<app:use>false</app:use>
				</app:functionality>
				<app:functionality>
					<app:functionality>Contacts</app:functionality>
					<app:use>false</app:use>
				</app:functionality>
				<app:functionality>
					<app:functionality>Calendars</app:functionality>
					<app:use>false</app:use>
				</app:functionality>
				<app:functionality>
					<app:functionality>PushNotifications</app:functionality>
					<app:use>false</app:use>
				</app:functionality>
				<app:functionality>
					<app:functionality>LocalNotifications</app:functionality>
					<app:use>false</app:use>
				</app:functionality>
				<app:functionality>
					<app:functionality>InAppPurchases</app:functionality>
					<app:use>false</app:use>
				</app:functionality>
				<app:functionality>
					<app:functionality>PersonalComputerFileExchange</app:functionality>
					<app:use>false</app:use>
				</app:functionality>
				<app:functionality>
					<app:functionality>Ads</app:functionality>
					<app:use>false</app:use>
				</app:functionality>
				<app:functionality>
					<app:functionality>NumberDialing</app:functionality>
					<app:use>false</app:use>
				</app:functionality>
				<app:functionality>
					<app:functionality>CallProcessing</app:functionality>
					<app:use>false</app:use>
				</app:functionality>
				<app:functionality>
					<app:functionality>CallLog</app:functionality>
					<app:use>false</app:use>
				</app:functionality>
				<app:functionality>
					<app:functionality>AutoSendSMS</app:functionality>
					<app:use>false</app:use>
				</app:functionality>
				<app:functionality>
					<app:functionality>ReceiveSMS</app:functionality>
					<app:use>false</app:use>
				</app:functionality>
				<app:functionality>
					<app:functionality>SMSLog</app:functionality>
					<app:use>false</app:use>
				</app:functionality>
				<app:functionality>
					<app:functionality>Camera</app:functionality>
					<app:use>false</app:use>
				</app:functionality>
				<app:functionality>
					<app:functionality>Microphone</app:functionality>
					<app:use>false</app:use>
				</app:functionality>
				<app:functionality>
					<app:functionality>MusicLibrary</app:functionality>
					<app:use>false</app:use>
				</app:functionality>
				<app:functionality>
					<app:functionality>PictureAndVideoLibraries</app:functionality>
					<app:use>false</app:use>
				</app:functionality>
				<app:functionality>
					<app:functionality>AudioPlaybackAndVibration</app:functionality>
					<app:use>false</app:use>
				</app:functionality>
				<app:functionality>
					<app:functionality>BackgroundAudioPlaybackAndVibration</app:functionality>
					<app:use>false</app:use>
				</app:functionality>
				<app:functionality>
					<app:functionality>InstallPackages</app:functionality>
					<app:use>false</app:use>
				</app:functionality>
				<app:functionality>
					<app:functionality>OSBackup</app:functionality>
					<app:use>true</app:use>
				</app:functionality>
				<app:functionality>
					<app:functionality>ApplicationUsageStatistics</app:functionality>
					<app:use>false</app:use>
				</app:functionality>
				<app:functionality>
					<app:functionality>BarcodeScanning</app:functionality>
					<app:use>false</app:use>
				</app:functionality>
				<app:functionality>
					<app:functionality>BackgroundAudioRecording</app:functionality>
					<app:use>false</app:use>
				</app:functionality>
				<app:functionality>
					<app:functionality>AllFilesAccess</app:functionality>
					<app:use>false</app:use>
				</app:functionality>
				<app:functionality>
					<app:functionality>Videoconferences</app:functionality>
					<app:use>false</app:use>
				</app:functionality>
				<app:functionality>
					<app:functionality>NFC</app:functionality>
					<app:use>false</app:use>
				</app:functionality>
				<app:functionality>
					<app:functionality>DocumentScanning</app:functionality>
					<app:use>false</app:use>
				</app:functionality>
			</UsedMobileApplicationFunctionalities>
			<StandaloneConfigurationRestrictionRoles/>
			<MobileApplicationURLs/>
			<MainClientApplicationWindowMode>Normal</MainClientApplicationWindowMode>
			<DefaultInterface/>
			<DefaultStyle/>
			<DefaultLanguage>Language.Русский</DefaultLanguage>
			<BriefInformation/>
			<DetailedInformation/>
			<Copyright/>
			<VendorInformationAddress/>
			<ConfigurationInformationAddress/>
			<DataLockControlMode>Managed</DataLockControlMode>
			<ObjectAutonumerationMode>NotAutoFree</ObjectAutonumerationMode>
			<ModalityUseMode>DontUse</ModalityUseMode>
			<SynchronousPlatformExtensionAndAddInCallUseMode>DontUse</SynchronousPlatformExtensionAndAddInCallUseMode>
			<InterfaceCompatibilityMode>Taxi</InterfaceCompatibilityMode>
			<DatabaseTablespacesUseMode>DontUse</DatabaseTablespacesUseMode>
			<CompatibilityMode>Version8_3_16</CompatibilityMode>
			<DefaultConstantsForm/>
		</Properties>
		<ChildObjects>
			<Language>Русский</Language>
			<Subsystem>ТорговыйУчет</Subsystem>
			<Subsystem>КадровыйУчет</Subsystem>
			<Subsystem>НСИ</Subsystem>
			<Subsystem>БухгалтерскийУчет</Subsystem>
			<Style>МойСтиль</Style>
			<CommonPicture>Подсистема_КадровыйУчет</CommonPicture>
			<CommonPicture>Подсистема_ТорговыйУчет</CommonPicture>
			<CommonPicture>Подсистема_БухгалтерскийУчет</CommonPicture>
			<Role>ПолныеПрава</Role>
			<Role>МладшийМенеджер</Role>
			<Role>Кадры</Role>
			<CommonTemplate>УстройствоБазыДанных</CommonTemplate>
			<CommonTemplate>ПрограммнаяМодельПрикладныхОбъектов</CommonTemplate>
			<CommonModule>РаботаСКонстантамиВызовСервера</CommonModule>
			<CommonModule>УКЗ_Клиент</CommonModule>
			<CommonModule>УКЗ_ВызовСервера</CommonModule>
			<CommonModule>РаботаСФайламиКлиент</CommonModule>
			<CommonAttribute>Склад</CommonAttribute>
			<FunctionalOption>СкладскойУчет</FunctionalOption>
			<DefinedType>ДенежныеСредства</DefinedType>
			<CommonCommand>ПокажиВремя</CommonCommand>
			<CommandGroup>ПериодическиеДанные</CommandGroup>
			<CommandGroup>УчетныеДанные</CommandGroup>
			<CommandGroup>ТорговыеОперации</CommandGroup>
			<CommandGroup>Характеристики</CommandGroup>
			<CommandGroup>ЗарплатныеОперации</CommandGroup>
			<CommandGroup>ФинансовыеОперации</CommandGroup>
			<Constant>НазваниеОрганизации</Constant>
			<Constant>ИНН</Constant>
			<Constant>ГенеральныйДиректор</Constant>
			<Constant>СкладскойУчет</Constant>
			<CommonForm>ФормаКонстант</CommonForm>
			<Catalog>Контрагенты</Catalog>
			<Catalog>Номенклатура</Catalog>
			<Catalog>СтруктураОгранизации</Catalog>
			<Catalog>Договоры</Catalog>
			<Catalog>Сотрудники</Catalog>
			<Catalog>ВидыХарактеристик</Catalog>
			<Catalog>ВариантыЗначенийХарактеристик</Catalog>
			<Catalog>СкладыКомпании</Catalog>
			<Document>ЗаказКлиента</Document>
			<Document>ПриходнаяНакладная</Document>
			<Document>РасходнаяНакладная</Document>
			<Document>ПриходДенег</Document>
			<Document>РасчетнаяВедомость</Document>
			<Document>РегистрацияПрогула</Document>
			<Document>СчетНаОплату</Document>
			<Document>ПКО</Document>
			<DocumentJournal>СкладскиеНакладные</DocumentJournal>
			<Enum>ВидыНоменклатуры</Enum>
			<Enum>Пол</Enum>
			<Report>ОборотыПродаж</Report>
			<Report>ОтчетОВзаиморасчетах</Report>
			<Report>ОтчетОБонусахСотрудникам</Report>
			<Report>ОстаткиНоменклатуры</Report>
			<Report>ЗаработнаяПлата</Report>
			<Report>ОСВ</Report>
			<DataProcessor>КонсольЗапросов</DataProcessor>
			<DataProcessor>ЗаполнениеПроизводственногоКалендаря</DataProcessor>
			<InformationRegister>ЦеныНоменклатуры</InformationRegister>
			<InformationRegister>ХарактеристикиНоменклатуры</InformationRegister>
			<InformationRegister>Файлы</InformationRegister>
			<InformationRegister>ПроизводственныйКалендарь</InformationRegister>
			<InformationRegister>ОкладыСотрудников</InformationRegister>
			<AccumulationRegister>ОборотыПродаж</AccumulationRegister>
			<AccumulationRegister>Взаиморасчеты</AccumulationRegister>
			<AccumulationRegister>БонусыСотрудника</AccumulationRegister>
			<AccumulationRegister>ОстаткиН</AccumulationRegister>
			<ChartOfCharacteristicTypes>ВидыХарактеристик</ChartOfCharacteristicTypes>
			<ChartOfCharacteristicTypes>ВидыСубконто</ChartOfCharacteristicTypes>
			<ChartOfAccounts>ПланыСчетовБухгалтерии</ChartOfAccounts>
			<AccountingRegister>БухгалтерскиеПроводки</AccountingRegister>
			<ChartOfCalculationTypes>ВидыРасчета</ChartOfCalculationTypes>
			<CalculationRegister>Зарплата</CalculationRegister>
		</ChildObjects>
	</Configuration>
</MetaDataObject>