﻿<?xml version="1.0" encoding="UTF-8"?>
<PredefinedData xmlns="http://v8.1c.ru/8.3/xcf/predef" xmlns:v8="http://v8.1c.ru/8.1/data/core" xmlns:xr="http://v8.1c.ru/8.3/xcf/readable" xmlns:xs="http://www.w3.org/2001/XMLSchema" xmlns:xsi="http://www.w3.org/2001/XMLSchema-instance" xsi:type="PlanOfCharacteristicKindPredefinedItems" version="2.16">
	<Item id="99035ea1-0171-4110-b1ef-a4ae2d57474b">
		<Name>Покупатель</Name>
		<Code>000000001</Code>
		<Description>Покупатель</Description>
		<Type>
			<v8:Type xmlns:d4p1="http://v8.1c.ru/8.1/data/enterprise/current-config">d4p1:CatalogRef.Контрагенты</v8:Type>
		</Type>
		<IsFolder>false</IsFolder>
	</Item>
</PredefinedData>