﻿<?xml version="1.0" encoding="UTF-8"?>
<MetaDataObject xmlns="http://v8.1c.ru/8.3/MDClasses" xmlns:app="http://v8.1c.ru/8.2/managed-application/core" xmlns:cfg="http://v8.1c.ru/8.1/data/enterprise/current-config" xmlns:cmi="http://v8.1c.ru/8.2/managed-application/cmi" xmlns:ent="http://v8.1c.ru/8.1/data/enterprise" xmlns:lf="http://v8.1c.ru/8.2/managed-application/logform" xmlns:style="http://v8.1c.ru/8.1/data/ui/style" xmlns:sys="http://v8.1c.ru/8.1/data/ui/fonts/system" xmlns:v8="http://v8.1c.ru/8.1/data/core" xmlns:v8ui="http://v8.1c.ru/8.1/data/ui" xmlns:web="http://v8.1c.ru/8.1/data/ui/colors/web" xmlns:win="http://v8.1c.ru/8.1/data/ui/colors/windows" xmlns:xen="http://v8.1c.ru/8.3/xcf/enums" xmlns:xpr="http://v8.1c.ru/8.3/xcf/predef" xmlns:xr="http://v8.1c.ru/8.3/xcf/readable" xmlns:xs="http://www.w3.org/2001/XMLSchema" xmlns:xsi="http://www.w3.org/2001/XMLSchema-instance" version="2.16">
	<Catalog uuid="078db1e4-72ba-4adc-9807-f5a384f937a4">
		<InternalInfo>
			<xr:GeneratedType name="CatalogObject.Договоры" category="Object">
				<xr:TypeId>4d61ecbb-e441-4146-894f-68f480a7cfd9</xr:TypeId>
				<xr:ValueId>6e904257-103d-442b-9cf7-c94f2d7f2ea1</xr:ValueId>
			</xr:GeneratedType>
			<xr:GeneratedType name="CatalogRef.Договоры" category="Ref">
				<xr:TypeId>2f5b916e-850a-47aa-878e-ad39635772cf</xr:TypeId>
				<xr:ValueId>1836e9fd-f0fe-48fe-bb8f-9e581d7d2e13</xr:ValueId>
			</xr:GeneratedType>
			<xr:GeneratedType name="CatalogSelection.Договоры" category="Selection">
				<xr:TypeId>aed7496f-126f-4f7e-b552-81a77b48b0a2</xr:TypeId>
				<xr:ValueId>709d98bd-7e9b-42e7-a249-dcc8eb1ae1ee</xr:ValueId>
			</xr:GeneratedType>
			<xr:GeneratedType name="CatalogList.Договоры" category="List">
				<xr:TypeId>cfb43dca-58ea-4c5c-859a-881a79d688fc</xr:TypeId>
				<xr:ValueId>6c7385e5-2e65-413e-874c-c78c7ca6ec4b</xr:ValueId>
			</xr:GeneratedType>
			<xr:GeneratedType name="CatalogManager.Договоры" category="Manager">
				<xr:TypeId>dd36e7c8-42e5-4448-85b0-0d0c695b37ba</xr:TypeId>
				<xr:ValueId>5a8872bf-f9b9-4809-bef1-a21e980d92e4</xr:ValueId>
			</xr:GeneratedType>
		</InternalInfo>
		<Properties>
			<Name>Договоры</Name>
			<Synonym>
				<v8:item>
					<v8:lang>ru</v8:lang>
					<v8:content>Договоры</v8:content>
				</v8:item>
			</Synonym>
			<Comment/>
			<Hierarchical>false</Hierarchical>
			<HierarchyType>HierarchyFoldersAndItems</HierarchyType>
			<LimitLevelCount>false</LimitLevelCount>
			<LevelCount>2</LevelCount>
			<FoldersOnTop>true</FoldersOnTop>
			<UseStandardCommands>true</UseStandardCommands>
			<Owners>
				<xr:Item xsi:type="xr:MDObjectRef">Catalog.Контрагенты</xr:Item>
			</Owners>
			<SubordinationUse>ToItems</SubordinationUse>
			<CodeLength>9</CodeLength>
			<DescriptionLength>25</DescriptionLength>
			<CodeType>String</CodeType>
			<CodeAllowedLength>Variable</CodeAllowedLength>
			<CodeSeries>WithinOwnerSubordination</CodeSeries>
			<CheckUnique>true</CheckUnique>
			<Autonumbering>true</Autonumbering>
			<DefaultPresentation>AsDescription</DefaultPresentation>
			<Characteristics/>
			<PredefinedDataUpdate>Auto</PredefinedDataUpdate>
			<EditType>InDialog</EditType>
			<QuickChoice>false</QuickChoice>
			<ChoiceMode>BothWays</ChoiceMode>
			<InputByString>
				<xr:Field>Catalog.Договоры.StandardAttribute.Description</xr:Field>
				<xr:Field>Catalog.Договоры.StandardAttribute.Code</xr:Field>
			</InputByString>
			<SearchStringModeOnInputByString>Begin</SearchStringModeOnInputByString>
			<FullTextSearchOnInputByString>DontUse</FullTextSearchOnInputByString>
			<ChoiceDataGetModeOnInputByString>Directly</ChoiceDataGetModeOnInputByString>
			<DefaultObjectForm/>
			<DefaultFolderForm/>
			<DefaultListForm/>
			<DefaultChoiceForm/>
			<DefaultFolderChoiceForm/>
			<AuxiliaryObjectForm/>
			<AuxiliaryFolderForm/>
			<AuxiliaryListForm/>
			<AuxiliaryChoiceForm/>
			<AuxiliaryFolderChoiceForm/>
			<IncludeHelpInContents>false</IncludeHelpInContents>
			<BasedOn/>
			<DataLockFields/>
			<DataLockControlMode>Managed</DataLockControlMode>
			<FullTextSearch>Use</FullTextSearch>
			<ObjectPresentation/>
			<ExtendedObjectPresentation/>
			<ListPresentation/>
			<ExtendedListPresentation/>
			<Explanation/>
			<CreateOnInput>Use</CreateOnInput>
			<ChoiceHistoryOnInput>Auto</ChoiceHistoryOnInput>
			<DataHistory>DontUse</DataHistory>
			<UpdateDataHistoryImmediatelyAfterWrite>false</UpdateDataHistoryImmediatelyAfterWrite>
			<ExecuteAfterWriteDataHistoryVersionProcessing>false</ExecuteAfterWriteDataHistoryVersionProcessing>
		</Properties>
		<ChildObjects>
			<Command uuid="1d1cf1ac-6b83-43b9-859a-05fc5c664175">
				<Properties>
					<Name>ПрикрепитьФайлДоговора</Name>
					<Synonym>
						<v8:item>
							<v8:lang>ru</v8:lang>
							<v8:content>Прикрепить файл договора</v8:content>
						</v8:item>
					</Synonym>
					<Comment/>
					<Group>FormCommandBarImportant</Group>
					<CommandParameterType>
						<v8:Type>cfg:CatalogRef.Договоры</v8:Type>
					</CommandParameterType>
					<ParameterUseMode>Single</ParameterUseMode>
					<ModifiesData>false</ModifiesData>
					<Representation>Auto</Representation>
					<ToolTip/>
					<Picture/>
					<Shortcut/>
					<OnMainServerUnavalableBehavior>Auto</OnMainServerUnavalableBehavior>
				</Properties>
			</Command>
			<Command uuid="e9c3c08e-c644-4f7a-934e-c7acaa94a737">
				<Properties>
					<Name>ПолучитьФайлДоговора</Name>
					<Synonym>
						<v8:item>
							<v8:lang>ru</v8:lang>
							<v8:content>Получить файл договора</v8:content>
						</v8:item>
					</Synonym>
					<Comment/>
					<Group>FormCommandBarImportant</Group>
					<CommandParameterType>
						<v8:Type>cfg:CatalogRef.Договоры</v8:Type>
					</CommandParameterType>
					<ParameterUseMode>Single</ParameterUseMode>
					<ModifiesData>false</ModifiesData>
					<Representation>Auto</Representation>
					<ToolTip/>
					<Picture/>
					<Shortcut/>
					<OnMainServerUnavalableBehavior>Auto</OnMainServerUnavalableBehavior>
				</Properties>
			</Command>
		</ChildObjects>
	</Catalog>
</MetaDataObject>