﻿<?xml version="1.0" encoding="UTF-8"?>
<CommandInterface xmlns="http://v8.1c.ru/8.3/xcf/extrnprops" xmlns:xr="http://v8.1c.ru/8.3/xcf/readable" xmlns:xs="http://www.w3.org/2001/XMLSchema" xmlns:xsi="http://www.w3.org/2001/XMLSchema-instance" version="2.16">
	<CommandsVisibility>
		<Command name="AccountingRegister.БухгалтерскиеПроводки.StandardCommand.OpenList">
			<Visibility>
				<xr:Common>true</xr:Common>
			</Visibility>
		</Command>
		<Command name="Document.ПКО.StandardCommand.OpenList">
			<Visibility>
				<xr:Common>true</xr:Common>
			</Visibility>
		</Command>
		<Command name="Document.СчетНаОплату.StandardCommand.OpenList">
			<Visibility>
				<xr:Common>true</xr:Common>
			</Visibility>
		</Command>
	</CommandsVisibility>
	<CommandsPlacement>
		<Command name="Document.ПКО.StandardCommand.OpenList">
			<CommandGroup>CommandGroup.ФинансовыеОперации</CommandGroup>
			<Placement>Auto</Placement>
		</Command>
		<Command name="Document.СчетНаОплату.StandardCommand.OpenList">
			<CommandGroup>CommandGroup.ФинансовыеОперации</CommandGroup>
			<Placement>Auto</Placement>
		</Command>
	</CommandsPlacement>
	<CommandsOrder>
		<Command name="ChartOfCharacteristicTypes.ВидыСубконто.StandardCommand.OpenList">
			<CommandGroup>NavigationPanelOrdinary</CommandGroup>
		</Command>
		<Command name="AccountingRegister.БухгалтерскиеПроводки.StandardCommand.OpenList">
			<CommandGroup>NavigationPanelOrdinary</CommandGroup>
		</Command>
		<Command name="ChartOfAccounts.ПланыСчетовБухгалтерии.StandardCommand.OpenList">
			<CommandGroup>NavigationPanelOrdinary</CommandGroup>
		</Command>
		<Command name="Document.ПКО.StandardCommand.OpenList">
			<CommandGroup>CommandGroup.ФинансовыеОперации</CommandGroup>
		</Command>
		<Command name="Document.СчетНаОплату.StandardCommand.OpenList">
			<CommandGroup>CommandGroup.ФинансовыеОперации</CommandGroup>
		</Command>
	</CommandsOrder>
	<GroupsOrder>
		<Group>NavigationPanelOrdinary</Group>
		<Group>CommandGroup.ФинансовыеОперации</Group>
	</GroupsOrder>
</CommandInterface>