﻿<?xml version="1.0" encoding="UTF-8"?>
<MetaDataObject xmlns="http://v8.1c.ru/8.3/MDClasses" xmlns:app="http://v8.1c.ru/8.2/managed-application/core" xmlns:cfg="http://v8.1c.ru/8.1/data/enterprise/current-config" xmlns:cmi="http://v8.1c.ru/8.2/managed-application/cmi" xmlns:ent="http://v8.1c.ru/8.1/data/enterprise" xmlns:lf="http://v8.1c.ru/8.2/managed-application/logform" xmlns:style="http://v8.1c.ru/8.1/data/ui/style" xmlns:sys="http://v8.1c.ru/8.1/data/ui/fonts/system" xmlns:v8="http://v8.1c.ru/8.1/data/core" xmlns:v8ui="http://v8.1c.ru/8.1/data/ui" xmlns:web="http://v8.1c.ru/8.1/data/ui/colors/web" xmlns:win="http://v8.1c.ru/8.1/data/ui/colors/windows" xmlns:xen="http://v8.1c.ru/8.3/xcf/enums" xmlns:xpr="http://v8.1c.ru/8.3/xcf/predef" xmlns:xr="http://v8.1c.ru/8.3/xcf/readable" xmlns:xs="http://www.w3.org/2001/XMLSchema" xmlns:xsi="http://www.w3.org/2001/XMLSchema-instance" version="2.16">
	<ChartOfAccounts uuid="c8b131a6-6563-4abd-8318-c697591ce630">
		<InternalInfo>
			<xr:GeneratedType name="ChartOfAccountsObject.ПланыСчетовБухгалтерии" category="Object">
				<xr:TypeId>4d2cf6e1-d450-4dbc-b481-35e2db850c29</xr:TypeId>
				<xr:ValueId>a3c070ad-c5bb-4e67-bb83-7d770cf04deb</xr:ValueId>
			</xr:GeneratedType>
			<xr:GeneratedType name="ChartOfAccountsRef.ПланыСчетовБухгалтерии" category="Ref">
				<xr:TypeId>012689a3-ab16-43e6-9ebd-6617c41e3399</xr:TypeId>
				<xr:ValueId>41465e7b-6acb-439f-89ab-d5ad906a1248</xr:ValueId>
			</xr:GeneratedType>
			<xr:GeneratedType name="ChartOfAccountsSelection.ПланыСчетовБухгалтерии" category="Selection">
				<xr:TypeId>d4847426-39c0-471a-a32b-b42b825a87d6</xr:TypeId>
				<xr:ValueId>a7b1055c-f4c9-4b86-b6ed-f49b6f33b100</xr:ValueId>
			</xr:GeneratedType>
			<xr:GeneratedType name="ChartOfAccountsList.ПланыСчетовБухгалтерии" category="List">
				<xr:TypeId>85b656f8-fb3a-4fdd-b523-bf6e70147d03</xr:TypeId>
				<xr:ValueId>006f19e4-97f4-444c-a719-9a295f01710c</xr:ValueId>
			</xr:GeneratedType>
			<xr:GeneratedType name="ChartOfAccountsManager.ПланыСчетовБухгалтерии" category="Manager">
				<xr:TypeId>9b6bd2bc-dc77-4b0b-a8c4-9d728138ccca</xr:TypeId>
				<xr:ValueId>7fb5e92b-6a63-4441-99a6-2116bf1ce106</xr:ValueId>
			</xr:GeneratedType>
			<xr:GeneratedType name="ChartOfAccountsExtDimensionTypes.ПланыСчетовБухгалтерии" category="ExtDimensionTypes">
				<xr:TypeId>79a238c0-3241-47d7-9481-1b0b20370e33</xr:TypeId>
				<xr:ValueId>d5b01d66-330a-4136-835f-d094d1d6d597</xr:ValueId>
			</xr:GeneratedType>
			<xr:GeneratedType name="ChartOfAccountsExtDimensionTypesRow.ПланыСчетовБухгалтерии" category="ExtDimensionTypesRow">
				<xr:TypeId>746300b9-a037-4da9-b091-08df5144d26f</xr:TypeId>
				<xr:ValueId>d66059f4-91ed-4576-9759-ea8cea491659</xr:ValueId>
			</xr:GeneratedType>
		</InternalInfo>
		<Properties>
			<Name>ПланыСчетовБухгалтерии</Name>
			<Synonym>
				<v8:item>
					<v8:lang>ru</v8:lang>
					<v8:content>Планы счетов бухгалтерии</v8:content>
				</v8:item>
			</Synonym>
			<Comment/>
			<UseStandardCommands>true</UseStandardCommands>
			<IncludeHelpInContents>false</IncludeHelpInContents>
			<BasedOn/>
			<ExtDimensionTypes>ChartOfCharacteristicTypes.ВидыСубконто</ExtDimensionTypes>
			<MaxExtDimensionCount>1</MaxExtDimensionCount>
			<CodeMask/>
			<CodeLength>9</CodeLength>
			<DescriptionLength>25</DescriptionLength>
			<CodeSeries>WholeChartOfAccounts</CodeSeries>
			<CheckUnique>true</CheckUnique>
			<DefaultPresentation>AsCode</DefaultPresentation>
			<Characteristics/>
			<PredefinedDataUpdate>Auto</PredefinedDataUpdate>
			<EditType>InDialog</EditType>
			<QuickChoice>false</QuickChoice>
			<ChoiceMode>BothWays</ChoiceMode>
			<InputByString>
				<xr:Field>ChartOfAccounts.ПланыСчетовБухгалтерии.StandardAttribute.Description</xr:Field>
				<xr:Field>ChartOfAccounts.ПланыСчетовБухгалтерии.StandardAttribute.Code</xr:Field>
			</InputByString>
			<SearchStringModeOnInputByString>Begin</SearchStringModeOnInputByString>
			<FullTextSearchOnInputByString>DontUse</FullTextSearchOnInputByString>
			<ChoiceDataGetModeOnInputByString>Directly</ChoiceDataGetModeOnInputByString>
			<CreateOnInput>DontUse</CreateOnInput>
			<ChoiceHistoryOnInput>Auto</ChoiceHistoryOnInput>
			<DefaultObjectForm/>
			<DefaultListForm/>
			<DefaultChoiceForm/>
			<AuxiliaryObjectForm/>
			<AuxiliaryListForm/>
			<AuxiliaryChoiceForm/>
			<AutoOrderByCode>false</AutoOrderByCode>
			<OrderLength>0</OrderLength>
			<DataLockFields/>
			<DataLockControlMode>Managed</DataLockControlMode>
			<FullTextSearch>Use</FullTextSearch>
			<DataHistory>DontUse</DataHistory>
			<UpdateDataHistoryImmediatelyAfterWrite>false</UpdateDataHistoryImmediatelyAfterWrite>
			<ExecuteAfterWriteDataHistoryVersionProcessing>false</ExecuteAfterWriteDataHistoryVersionProcessing>
			<ObjectPresentation/>
			<ExtendedObjectPresentation/>
			<ListPresentation/>
			<ExtendedListPresentation/>
			<Explanation/>
		</Properties>
		<ChildObjects/>
	</ChartOfAccounts>
</MetaDataObject>