﻿<?xml version="1.0" encoding="UTF-8"?>
<MetaDataObject xmlns="http://v8.1c.ru/8.3/MDClasses" xmlns:app="http://v8.1c.ru/8.2/managed-application/core" xmlns:cfg="http://v8.1c.ru/8.1/data/enterprise/current-config" xmlns:cmi="http://v8.1c.ru/8.2/managed-application/cmi" xmlns:ent="http://v8.1c.ru/8.1/data/enterprise" xmlns:lf="http://v8.1c.ru/8.2/managed-application/logform" xmlns:style="http://v8.1c.ru/8.1/data/ui/style" xmlns:sys="http://v8.1c.ru/8.1/data/ui/fonts/system" xmlns:v8="http://v8.1c.ru/8.1/data/core" xmlns:v8ui="http://v8.1c.ru/8.1/data/ui" xmlns:web="http://v8.1c.ru/8.1/data/ui/colors/web" xmlns:win="http://v8.1c.ru/8.1/data/ui/colors/windows" xmlns:xen="http://v8.1c.ru/8.3/xcf/enums" xmlns:xpr="http://v8.1c.ru/8.3/xcf/predef" xmlns:xr="http://v8.1c.ru/8.3/xcf/readable" xmlns:xs="http://www.w3.org/2001/XMLSchema" xmlns:xsi="http://www.w3.org/2001/XMLSchema-instance" version="2.16">
	<AccountingRegister uuid="6cebb305-9862-4001-a4bc-16e91cb5c01a">
		<InternalInfo>
			<xr:GeneratedType name="AccountingRegisterRecord.БухгалтерскиеПроводки" category="Record">
				<xr:TypeId>bfa5013a-7b2f-4c81-a7ef-54fe1273b1f8</xr:TypeId>
				<xr:ValueId>4405de1d-0f86-4d6f-86eb-4e9513fe90f3</xr:ValueId>
			</xr:GeneratedType>
			<xr:GeneratedType name="AccountingRegisterExtDimensions.БухгалтерскиеПроводки" category="ExtDimensions">
				<xr:TypeId>dc1f078b-e6f7-4fe5-9564-0b529f8c02c8</xr:TypeId>
				<xr:ValueId>576bd0cf-c865-49df-abb1-dcfcf485f346</xr:ValueId>
			</xr:GeneratedType>
			<xr:GeneratedType name="AccountingRegisterRecordSet.БухгалтерскиеПроводки" category="RecordSet">
				<xr:TypeId>2cb16c3f-9267-4aec-b5e9-fb81fe693b32</xr:TypeId>
				<xr:ValueId>39444a0f-78df-4ac7-8bae-63626ac5dd45</xr:ValueId>
			</xr:GeneratedType>
			<xr:GeneratedType name="AccountingRegisterRecordKey.БухгалтерскиеПроводки" category="RecordKey">
				<xr:TypeId>e50d5db3-2110-4a6b-8a15-6ff05621c7a8</xr:TypeId>
				<xr:ValueId>440cde66-5ded-41ab-acec-0d316f7a0006</xr:ValueId>
			</xr:GeneratedType>
			<xr:GeneratedType name="AccountingRegisterSelection.БухгалтерскиеПроводки" category="Selection">
				<xr:TypeId>4b75404c-348e-46dd-aa26-b688f65405d3</xr:TypeId>
				<xr:ValueId>fd0a0cdc-2e0d-4d01-8f43-8eb642aa96d1</xr:ValueId>
			</xr:GeneratedType>
			<xr:GeneratedType name="AccountingRegisterList.БухгалтерскиеПроводки" category="List">
				<xr:TypeId>92357d25-a973-4733-9d02-018a9fb980c8</xr:TypeId>
				<xr:ValueId>23e21866-b96e-48b4-bd83-f60ab4510a1a</xr:ValueId>
			</xr:GeneratedType>
			<xr:GeneratedType name="AccountingRegisterManager.БухгалтерскиеПроводки" category="Manager">
				<xr:TypeId>18bad6d3-969d-4c84-b05b-90ce2c63c580</xr:TypeId>
				<xr:ValueId>c7a1c008-688b-4e13-82b2-abfcdd2abcb5</xr:ValueId>
			</xr:GeneratedType>
		</InternalInfo>
		<Properties>
			<Name>БухгалтерскиеПроводки</Name>
			<Synonym>
				<v8:item>
					<v8:lang>ru</v8:lang>
					<v8:content>Бухгалтерские проводки</v8:content>
				</v8:item>
			</Synonym>
			<Comment/>
			<UseStandardCommands>true</UseStandardCommands>
			<IncludeHelpInContents>false</IncludeHelpInContents>
			<ChartOfAccounts>ChartOfAccounts.ПланыСчетовБухгалтерии</ChartOfAccounts>
			<Correspondence>true</Correspondence>
			<PeriodAdjustmentLength>0</PeriodAdjustmentLength>
			<DefaultListForm/>
			<AuxiliaryListForm/>
			<DataLockControlMode>Managed</DataLockControlMode>
			<EnableTotalsSplitting>true</EnableTotalsSplitting>
			<FullTextSearch>DontUse</FullTextSearch>
			<ListPresentation/>
			<ExtendedListPresentation/>
			<Explanation/>
		</Properties>
		<ChildObjects>
			<Resource uuid="fa74da84-c71d-481c-9261-302bf7f8fbd0">
				<Properties>
					<Name>Сумма</Name>
					<Synonym>
						<v8:item>
							<v8:lang>ru</v8:lang>
							<v8:content>Сумма</v8:content>
						</v8:item>
					</Synonym>
					<Comment/>
					<Type>
						<v8:TypeSet>cfg:DefinedType.ДенежныеСредства</v8:TypeSet>
					</Type>
					<PasswordMode>false</PasswordMode>
					<Format/>
					<EditFormat/>
					<ToolTip/>
					<MarkNegatives>false</MarkNegatives>
					<Mask/>
					<MultiLine>false</MultiLine>
					<ExtendedEdit>false</ExtendedEdit>
					<MinValue xsi:nil="true"/>
					<MaxValue xsi:nil="true"/>
					<FillChecking>DontCheck</FillChecking>
					<ChoiceFoldersAndItems>Items</ChoiceFoldersAndItems>
					<ChoiceParameterLinks/>
					<ChoiceParameters/>
					<QuickChoice>Auto</QuickChoice>
					<CreateOnInput>Auto</CreateOnInput>
					<ChoiceForm/>
					<LinkByType/>
					<ChoiceHistoryOnInput>Auto</ChoiceHistoryOnInput>
					<Balance>true</Balance>
					<AccountingFlag/>
					<ExtDimensionAccountingFlag/>
					<FullTextSearch>Use</FullTextSearch>
				</Properties>
			</Resource>
		</ChildObjects>
	</AccountingRegister>
</MetaDataObject>