﻿<?xml version="1.0" encoding="UTF-8"?>
<Style xmlns="http://v8.1c.ru/8.3/xcf/extrnprops" xmlns:style="http://v8.1c.ru/8.1/data/ui/style" xmlns:sys="http://v8.1c.ru/8.1/data/ui/fonts/system" xmlns:v8ui="http://v8.1c.ru/8.1/data/ui" xmlns:web="http://v8.1c.ru/8.1/data/ui/colors/web" xmlns:win="http://v8.1c.ru/8.1/data/ui/colors/windows" xmlns:xr="http://v8.1c.ru/8.3/xcf/readable" xmlns:xs="http://www.w3.org/2001/XMLSchema" xmlns:xsi="http://www.w3.org/2001/XMLSchema-instance" version="2.16">
	<Item name="ActivityColor">
		<Color>#808080</Color>
	</Item>
	<Item name="AccentColor">
		<Color>#596E96</Color>
	</Item>
	<Item name="NavigationColor">
		<Color>#AEBFFB</Color>
	</Item>
	<Item name="AuxiliaryNavigationColor">
		<Color>#76CDFF</Color>
	</Item>
	<Item name="ImportantColor">
		<Color>#999999</Color>
	</Item>
</Style>