﻿<?xml version="1.0" encoding="UTF-8"?>
<MetaDataObject xmlns="http://v8.1c.ru/8.3/MDClasses" xmlns:app="http://v8.1c.ru/8.2/managed-application/core" xmlns:cfg="http://v8.1c.ru/8.1/data/enterprise/current-config" xmlns:cmi="http://v8.1c.ru/8.2/managed-application/cmi" xmlns:ent="http://v8.1c.ru/8.1/data/enterprise" xmlns:lf="http://v8.1c.ru/8.2/managed-application/logform" xmlns:style="http://v8.1c.ru/8.1/data/ui/style" xmlns:sys="http://v8.1c.ru/8.1/data/ui/fonts/system" xmlns:v8="http://v8.1c.ru/8.1/data/core" xmlns:v8ui="http://v8.1c.ru/8.1/data/ui" xmlns:web="http://v8.1c.ru/8.1/data/ui/colors/web" xmlns:win="http://v8.1c.ru/8.1/data/ui/colors/windows" xmlns:xen="http://v8.1c.ru/8.3/xcf/enums" xmlns:xpr="http://v8.1c.ru/8.3/xcf/predef" xmlns:xr="http://v8.1c.ru/8.3/xcf/readable" xmlns:xs="http://www.w3.org/2001/XMLSchema" xmlns:xsi="http://www.w3.org/2001/XMLSchema-instance" version="2.16">
	<CalculationRegister uuid="b7a6af5e-2d6a-4d32-a997-6d451f78abd4">
		<InternalInfo>
			<xr:GeneratedType name="CalculationRegisterRecord.Зарплата" category="Record">
				<xr:TypeId>a750f72a-044d-4fba-bdf1-68e321a43f8e</xr:TypeId>
				<xr:ValueId>121fd343-90e6-4362-a5cb-921aad98733d</xr:ValueId>
			</xr:GeneratedType>
			<xr:GeneratedType name="CalculationRegisterManager.Зарплата" category="Manager">
				<xr:TypeId>fc476b6b-5455-4fe5-a659-2852123d1292</xr:TypeId>
				<xr:ValueId>71ac0f6c-bbdf-477a-a6ae-0f1edd51e602</xr:ValueId>
			</xr:GeneratedType>
			<xr:GeneratedType name="CalculationRegisterSelection.Зарплата" category="Selection">
				<xr:TypeId>55fcc7d2-09d8-4054-b3bd-732208f457bc</xr:TypeId>
				<xr:ValueId>94992c33-da2d-4b21-b832-34bb4071c85f</xr:ValueId>
			</xr:GeneratedType>
			<xr:GeneratedType name="CalculationRegisterList.Зарплата" category="List">
				<xr:TypeId>149d38de-e06a-4e09-9085-7b1c1d90868f</xr:TypeId>
				<xr:ValueId>ce6bd5c8-dade-45d5-9fb3-03e18745c07e</xr:ValueId>
			</xr:GeneratedType>
			<xr:GeneratedType name="CalculationRegisterRecordSet.Зарплата" category="RecordSet">
				<xr:TypeId>770914dd-5529-4d10-96b2-91c010e5b7fa</xr:TypeId>
				<xr:ValueId>35eaef97-ae90-4b3b-b4ca-098388358bb8</xr:ValueId>
			</xr:GeneratedType>
			<xr:GeneratedType name="CalculationRegisterRecordKey.Зарплата" category="RecordKey">
				<xr:TypeId>fd8da141-fc3f-492e-ac97-8c7c6a7b6bf8</xr:TypeId>
				<xr:ValueId>583fff2a-a9f2-40d7-9112-6fbd76bc68d2</xr:ValueId>
			</xr:GeneratedType>
			<xr:GeneratedType name="RecalculationsManager.Зарплата" category="Recalcs">
				<xr:TypeId>5aebbb17-8ce8-41f0-8564-7ecbbad2245b</xr:TypeId>
				<xr:ValueId>5077b1d8-2d42-4f71-a918-350dd9fd4e40</xr:ValueId>
			</xr:GeneratedType>
		</InternalInfo>
		<Properties>
			<Name>Зарплата</Name>
			<Synonym>
				<v8:item>
					<v8:lang>ru</v8:lang>
					<v8:content>Зарплата</v8:content>
				</v8:item>
			</Synonym>
			<Comment/>
			<UseStandardCommands>true</UseStandardCommands>
			<DefaultListForm/>
			<AuxiliaryListForm/>
			<Periodicity>Month</Periodicity>
			<ActionPeriod>true</ActionPeriod>
			<BasePeriod>false</BasePeriod>
			<Schedule>InformationRegister.ПроизводственныйКалендарь</Schedule>
			<ScheduleValue>InformationRegister.ПроизводственныйКалендарь.Resource.КоличествоЧасов</ScheduleValue>
			<ScheduleDate>InformationRegister.ПроизводственныйКалендарь.Dimension.День</ScheduleDate>
			<ChartOfCalculationTypes>ChartOfCalculationTypes.ВидыРасчета</ChartOfCalculationTypes>
			<IncludeHelpInContents>false</IncludeHelpInContents>
			<DataLockControlMode>Managed</DataLockControlMode>
			<FullTextSearch>DontUse</FullTextSearch>
			<ListPresentation/>
			<ExtendedListPresentation/>
			<Explanation/>
		</Properties>
		<ChildObjects>
			<Resource uuid="9a106e28-577f-4ca0-a2df-0cc2d670da40">
				<Properties>
					<Name>Сумма</Name>
					<Synonym>
						<v8:item>
							<v8:lang>ru</v8:lang>
							<v8:content>Сумма</v8:content>
						</v8:item>
					</Synonym>
					<Comment/>
					<Type>
						<v8:TypeSet>cfg:DefinedType.ДенежныеСредства</v8:TypeSet>
					</Type>
					<PasswordMode>false</PasswordMode>
					<Format/>
					<EditFormat/>
					<ToolTip/>
					<MarkNegatives>false</MarkNegatives>
					<Mask/>
					<MultiLine>false</MultiLine>
					<ExtendedEdit>false</ExtendedEdit>
					<MinValue xsi:nil="true"/>
					<MaxValue xsi:nil="true"/>
					<FillChecking>DontCheck</FillChecking>
					<ChoiceFoldersAndItems>Items</ChoiceFoldersAndItems>
					<ChoiceParameterLinks/>
					<ChoiceParameters/>
					<QuickChoice>Auto</QuickChoice>
					<CreateOnInput>Auto</CreateOnInput>
					<ChoiceForm/>
					<LinkByType/>
					<ChoiceHistoryOnInput>Auto</ChoiceHistoryOnInput>
					<FullTextSearch>Use</FullTextSearch>
				</Properties>
			</Resource>
			<Attribute uuid="773a7890-4910-4af0-afd6-bf122d453ec7">
				<Properties>
					<Name>Оклад</Name>
					<Synonym>
						<v8:item>
							<v8:lang>ru</v8:lang>
							<v8:content>Оклад</v8:content>
						</v8:item>
					</Synonym>
					<Comment/>
					<Type>
						<v8:TypeSet>cfg:DefinedType.ДенежныеСредства</v8:TypeSet>
					</Type>
					<PasswordMode>false</PasswordMode>
					<Format/>
					<EditFormat/>
					<ToolTip/>
					<MarkNegatives>false</MarkNegatives>
					<Mask/>
					<MultiLine>false</MultiLine>
					<ExtendedEdit>false</ExtendedEdit>
					<MinValue xsi:nil="true"/>
					<MaxValue xsi:nil="true"/>
					<FillChecking>DontCheck</FillChecking>
					<ChoiceFoldersAndItems>Items</ChoiceFoldersAndItems>
					<ChoiceParameterLinks/>
					<ChoiceParameters/>
					<QuickChoice>Auto</QuickChoice>
					<CreateOnInput>Auto</CreateOnInput>
					<ChoiceForm/>
					<LinkByType/>
					<ChoiceHistoryOnInput>Auto</ChoiceHistoryOnInput>
					<ScheduleLink/>
					<Indexing>DontIndex</Indexing>
					<FullTextSearch>Use</FullTextSearch>
				</Properties>
			</Attribute>
			<Attribute uuid="e66acc21-d253-4629-8d2d-da14565ca3b1">
				<Properties>
					<Name>НормаЧасов</Name>
					<Synonym>
						<v8:item>
							<v8:lang>ru</v8:lang>
							<v8:content>Норма часов</v8:content>
						</v8:item>
					</Synonym>
					<Comment/>
					<Type>
						<v8:Type>xs:decimal</v8:Type>
						<v8:NumberQualifiers>
							<v8:Digits>7</v8:Digits>
							<v8:FractionDigits>2</v8:FractionDigits>
							<v8:AllowedSign>Nonnegative</v8:AllowedSign>
						</v8:NumberQualifiers>
					</Type>
					<PasswordMode>false</PasswordMode>
					<Format/>
					<EditFormat/>
					<ToolTip/>
					<MarkNegatives>false</MarkNegatives>
					<Mask/>
					<MultiLine>false</MultiLine>
					<ExtendedEdit>false</ExtendedEdit>
					<MinValue xsi:nil="true"/>
					<MaxValue xsi:nil="true"/>
					<FillChecking>DontCheck</FillChecking>
					<ChoiceFoldersAndItems>Items</ChoiceFoldersAndItems>
					<ChoiceParameterLinks/>
					<ChoiceParameters/>
					<QuickChoice>Auto</QuickChoice>
					<CreateOnInput>Auto</CreateOnInput>
					<ChoiceForm/>
					<LinkByType/>
					<ChoiceHistoryOnInput>Auto</ChoiceHistoryOnInput>
					<ScheduleLink/>
					<Indexing>DontIndex</Indexing>
					<FullTextSearch>Use</FullTextSearch>
				</Properties>
			</Attribute>
			<Attribute uuid="340e9059-c723-4b04-a0cd-bb74585b5b19">
				<Properties>
					<Name>ФактЧасов</Name>
					<Synonym>
						<v8:item>
							<v8:lang>ru</v8:lang>
							<v8:content>Факт часов</v8:content>
						</v8:item>
					</Synonym>
					<Comment/>
					<Type>
						<v8:Type>xs:decimal</v8:Type>
						<v8:NumberQualifiers>
							<v8:Digits>7</v8:Digits>
							<v8:FractionDigits>2</v8:FractionDigits>
							<v8:AllowedSign>Nonnegative</v8:AllowedSign>
						</v8:NumberQualifiers>
					</Type>
					<PasswordMode>false</PasswordMode>
					<Format/>
					<EditFormat/>
					<ToolTip/>
					<MarkNegatives>false</MarkNegatives>
					<Mask/>
					<MultiLine>false</MultiLine>
					<ExtendedEdit>false</ExtendedEdit>
					<MinValue xsi:nil="true"/>
					<MaxValue xsi:nil="true"/>
					<FillChecking>DontCheck</FillChecking>
					<ChoiceFoldersAndItems>Items</ChoiceFoldersAndItems>
					<ChoiceParameterLinks/>
					<ChoiceParameters/>
					<QuickChoice>Auto</QuickChoice>
					<CreateOnInput>Auto</CreateOnInput>
					<ChoiceForm/>
					<LinkByType/>
					<ChoiceHistoryOnInput>Auto</ChoiceHistoryOnInput>
					<ScheduleLink/>
					<Indexing>DontIndex</Indexing>
					<FullTextSearch>Use</FullTextSearch>
				</Properties>
			</Attribute>
			<Dimension uuid="9e5afe79-a35f-46f0-a26d-82bd3a7bb1bb">
				<Properties>
					<Name>Сотрудник</Name>
					<Synonym>
						<v8:item>
							<v8:lang>ru</v8:lang>
							<v8:content>Сотрудник</v8:content>
						</v8:item>
					</Synonym>
					<Comment/>
					<Type>
						<v8:Type>cfg:CatalogRef.Сотрудники</v8:Type>
					</Type>
					<PasswordMode>false</PasswordMode>
					<Format/>
					<EditFormat/>
					<ToolTip/>
					<MarkNegatives>false</MarkNegatives>
					<Mask/>
					<MultiLine>false</MultiLine>
					<ExtendedEdit>false</ExtendedEdit>
					<MinValue xsi:nil="true"/>
					<MaxValue xsi:nil="true"/>
					<FillChecking>DontCheck</FillChecking>
					<ChoiceFoldersAndItems>Items</ChoiceFoldersAndItems>
					<ChoiceParameterLinks/>
					<ChoiceParameters/>
					<QuickChoice>Auto</QuickChoice>
					<CreateOnInput>Auto</CreateOnInput>
					<ChoiceForm/>
					<LinkByType/>
					<ChoiceHistoryOnInput>Auto</ChoiceHistoryOnInput>
					<DenyIncompleteValues>true</DenyIncompleteValues>
					<BaseDimension>false</BaseDimension>
					<ScheduleLink/>
					<Indexing>DontIndex</Indexing>
					<FullTextSearch>Use</FullTextSearch>
				</Properties>
			</Dimension>
		</ChildObjects>
	</CalculationRegister>
</MetaDataObject>