﻿<?xml version="1.0" encoding="UTF-8"?>
<MetaDataObject xmlns="http://v8.1c.ru/8.3/MDClasses" xmlns:app="http://v8.1c.ru/8.2/managed-application/core" xmlns:cfg="http://v8.1c.ru/8.1/data/enterprise/current-config" xmlns:cmi="http://v8.1c.ru/8.2/managed-application/cmi" xmlns:ent="http://v8.1c.ru/8.1/data/enterprise" xmlns:lf="http://v8.1c.ru/8.2/managed-application/logform" xmlns:style="http://v8.1c.ru/8.1/data/ui/style" xmlns:sys="http://v8.1c.ru/8.1/data/ui/fonts/system" xmlns:v8="http://v8.1c.ru/8.1/data/core" xmlns:v8ui="http://v8.1c.ru/8.1/data/ui" xmlns:web="http://v8.1c.ru/8.1/data/ui/colors/web" xmlns:win="http://v8.1c.ru/8.1/data/ui/colors/windows" xmlns:xen="http://v8.1c.ru/8.3/xcf/enums" xmlns:xpr="http://v8.1c.ru/8.3/xcf/predef" xmlns:xr="http://v8.1c.ru/8.3/xcf/readable" xmlns:xs="http://www.w3.org/2001/XMLSchema" xmlns:xsi="http://www.w3.org/2001/XMLSchema-instance" version="2.16">
	<Subsystem uuid="e735f316-e621-4dcf-a811-adbbe2c58ab4">
		<Properties>
			<Name>ТорговыйУчет</Name>
			<Synonym>
				<v8:item>
					<v8:lang>ru</v8:lang>
					<v8:content>Торговый учет</v8:content>
				</v8:item>
			</Synonym>
			<Comment/>
			<IncludeHelpInContents>true</IncludeHelpInContents>
			<IncludeInCommandInterface>true</IncludeInCommandInterface>
			<UseOneCommand>false</UseOneCommand>
			<Explanation/>
			<Picture>
				<xr:Ref>CommonPicture.Подсистема_ТорговыйУчет</xr:Ref>
				<xr:LoadTransparent>true</xr:LoadTransparent>
			</Picture>
			<Content>
				<xr:Item xsi:type="xr:MDObjectRef">Document.ЗаказКлиента</xr:Item>
				<xr:Item xsi:type="xr:MDObjectRef">Document.РасходнаяНакладная</xr:Item>
				<xr:Item xsi:type="xr:MDObjectRef">Document.ПриходнаяНакладная</xr:Item>
				<xr:Item xsi:type="xr:MDObjectRef">Catalog.Номенклатура</xr:Item>
				<xr:Item xsi:type="xr:MDObjectRef">Catalog.Контрагенты</xr:Item>
				<xr:Item xsi:type="xr:MDObjectRef">Catalog.Договоры</xr:Item>
				<xr:Item xsi:type="xr:MDObjectRef">Enum.ВидыНоменклатуры</xr:Item>
				<xr:Item xsi:type="xr:MDObjectRef">AccumulationRegister.ОборотыПродаж</xr:Item>
				<xr:Item xsi:type="xr:MDObjectRef">Report.ОборотыПродаж</xr:Item>
				<xr:Item xsi:type="xr:MDObjectRef">AccumulationRegister.Взаиморасчеты</xr:Item>
				<xr:Item xsi:type="xr:MDObjectRef">Document.ПриходДенег</xr:Item>
				<xr:Item xsi:type="xr:MDObjectRef">Report.ОтчетОВзаиморасчетах</xr:Item>
				<xr:Item xsi:type="xr:MDObjectRef">AccumulationRegister.БонусыСотрудника</xr:Item>
				<xr:Item xsi:type="xr:MDObjectRef">Report.ОтчетОБонусахСотрудникам</xr:Item>
				<xr:Item xsi:type="xr:MDObjectRef">InformationRegister.ЦеныНоменклатуры</xr:Item>
				<xr:Item xsi:type="xr:MDObjectRef">InformationRegister.ХарактеристикиНоменклатуры</xr:Item>
				<xr:Item xsi:type="xr:MDObjectRef">Catalog.ВидыХарактеристик</xr:Item>
				<xr:Item xsi:type="xr:MDObjectRef">ChartOfCharacteristicTypes.ВидыХарактеристик</xr:Item>
				<xr:Item xsi:type="xr:MDObjectRef">Catalog.ВариантыЗначенийХарактеристик</xr:Item>
				<xr:Item xsi:type="xr:MDObjectRef">AccumulationRegister.ОстаткиН</xr:Item>
				<xr:Item xsi:type="xr:MDObjectRef">Report.ОстаткиНоменклатуры</xr:Item>
				<xr:Item xsi:type="xr:MDObjectRef">DocumentJournal.СкладскиеНакладные</xr:Item>
				<xr:Item xsi:type="xr:MDObjectRef">Catalog.СкладыКомпании</xr:Item>
				<xr:Item xsi:type="xr:MDObjectRef">FunctionalOption.СкладскойУчет</xr:Item>
				<xr:Item xsi:type="xr:MDObjectRef">Constant.СкладскойУчет</xr:Item>
			</Content>
		</Properties>
		<ChildObjects/>
	</Subsystem>
</MetaDataObject>