﻿<?xml version="1.0" encoding="UTF-8"?>
<MetaDataObject xmlns="http://v8.1c.ru/8.3/MDClasses" xmlns:app="http://v8.1c.ru/8.2/managed-application/core" xmlns:cfg="http://v8.1c.ru/8.1/data/enterprise/current-config" xmlns:cmi="http://v8.1c.ru/8.2/managed-application/cmi" xmlns:ent="http://v8.1c.ru/8.1/data/enterprise" xmlns:lf="http://v8.1c.ru/8.2/managed-application/logform" xmlns:style="http://v8.1c.ru/8.1/data/ui/style" xmlns:sys="http://v8.1c.ru/8.1/data/ui/fonts/system" xmlns:v8="http://v8.1c.ru/8.1/data/core" xmlns:v8ui="http://v8.1c.ru/8.1/data/ui" xmlns:web="http://v8.1c.ru/8.1/data/ui/colors/web" xmlns:win="http://v8.1c.ru/8.1/data/ui/colors/windows" xmlns:xen="http://v8.1c.ru/8.3/xcf/enums" xmlns:xpr="http://v8.1c.ru/8.3/xcf/predef" xmlns:xr="http://v8.1c.ru/8.3/xcf/readable" xmlns:xs="http://www.w3.org/2001/XMLSchema" xmlns:xsi="http://www.w3.org/2001/XMLSchema-instance" version="2.16">
	<DataProcessor uuid="1f531ac8-a3a0-4c57-92b2-76601e27a4ad">
		<InternalInfo>
			<xr:GeneratedType name="DataProcessorObject.КонсольЗапросов" category="Object">
				<xr:TypeId>980ce539-7044-413e-ad63-303f8800abce</xr:TypeId>
				<xr:ValueId>cbc2af72-9df2-47e3-8edc-3b9fff9b3b03</xr:ValueId>
			</xr:GeneratedType>
			<xr:GeneratedType name="DataProcessorManager.КонсольЗапросов" category="Manager">
				<xr:TypeId>dc359e84-4661-4651-afdd-8852c8e1a8ae</xr:TypeId>
				<xr:ValueId>a3a8c872-016f-4ea7-bee3-c1031ecc2cc7</xr:ValueId>
			</xr:GeneratedType>
		</InternalInfo>
		<Properties>
			<Name>КонсольЗапросов</Name>
			<Synonym>
				<v8:item>
					<v8:lang>ru</v8:lang>
					<v8:content>Консоль запросов</v8:content>
				</v8:item>
			</Synonym>
			<Comment/>
			<UseStandardCommands>true</UseStandardCommands>
			<DefaultForm>DataProcessor.КонсольЗапросов.Form.Форма</DefaultForm>
			<AuxiliaryForm/>
			<IncludeHelpInContents>false</IncludeHelpInContents>
			<ExtendedPresentation/>
			<Explanation/>
		</Properties>
		<ChildObjects>
			<Attribute uuid="2c277584-ddd1-4222-8a69-b020fa25b951">
				<Properties>
					<Name>ИспользоватьАвтосохранение</Name>
					<Synonym>
						<v8:item>
							<v8:lang>ru</v8:lang>
							<v8:content>Использовать автосохранение</v8:content>
						</v8:item>
					</Synonym>
					<Comment/>
					<Type>
						<v8:Type>xs:boolean</v8:Type>
					</Type>
					<PasswordMode>false</PasswordMode>
					<Format/>
					<EditFormat/>
					<ToolTip>
						<v8:item>
							<v8:lang>ru</v8:lang>
							<v8:content>Включает автосохранение</v8:content>
						</v8:item>
					</ToolTip>
					<MarkNegatives>false</MarkNegatives>
					<Mask/>
					<MultiLine>false</MultiLine>
					<ExtendedEdit>false</ExtendedEdit>
					<MinValue xsi:nil="true"/>
					<MaxValue xsi:nil="true"/>
					<FillChecking>DontCheck</FillChecking>
					<ChoiceFoldersAndItems>Items</ChoiceFoldersAndItems>
					<ChoiceParameterLinks/>
					<ChoiceParameters/>
					<QuickChoice>Auto</QuickChoice>
					<CreateOnInput>Auto</CreateOnInput>
					<ChoiceForm/>
					<LinkByType/>
					<ChoiceHistoryOnInput>Auto</ChoiceHistoryOnInput>
				</Properties>
			</Attribute>
			<Attribute uuid="76528ee3-ae04-416c-b80a-ac3747ce07fd">
				<Properties>
					<Name>ПериодАвтосохранения</Name>
					<Synonym>
						<v8:item>
							<v8:lang>ru</v8:lang>
							<v8:content>Период автосохранения</v8:content>
						</v8:item>
					</Synonym>
					<Comment/>
					<Type>
						<v8:Type>xs:decimal</v8:Type>
						<v8:NumberQualifiers>
							<v8:Digits>10</v8:Digits>
							<v8:FractionDigits>0</v8:FractionDigits>
							<v8:AllowedSign>Nonnegative</v8:AllowedSign>
						</v8:NumberQualifiers>
					</Type>
					<PasswordMode>false</PasswordMode>
					<Format/>
					<EditFormat/>
					<ToolTip>
						<v8:item>
							<v8:lang>ru</v8:lang>
							<v8:content>Устанавливает период автосохранения</v8:content>
						</v8:item>
					</ToolTip>
					<MarkNegatives>false</MarkNegatives>
					<Mask/>
					<MultiLine>false</MultiLine>
					<ExtendedEdit>false</ExtendedEdit>
					<MinValue xsi:nil="true"/>
					<MaxValue xsi:nil="true"/>
					<FillChecking>DontCheck</FillChecking>
					<ChoiceFoldersAndItems>Items</ChoiceFoldersAndItems>
					<ChoiceParameterLinks/>
					<ChoiceParameters/>
					<QuickChoice>Auto</QuickChoice>
					<CreateOnInput>Auto</CreateOnInput>
					<ChoiceForm/>
					<LinkByType/>
					<ChoiceHistoryOnInput>Auto</ChoiceHistoryOnInput>
				</Properties>
			</Attribute>
			<Attribute uuid="52258244-77ff-4e7c-83d2-efbd55165d1b">
				<Properties>
					<Name>ПутьКФормам</Name>
					<Synonym>
						<v8:item>
							<v8:lang>ru</v8:lang>
							<v8:content>Путь к формам</v8:content>
						</v8:item>
					</Synonym>
					<Comment/>
					<Type>
						<v8:Type>xs:string</v8:Type>
						<v8:StringQualifiers>
							<v8:Length>700</v8:Length>
							<v8:AllowedLength>Variable</v8:AllowedLength>
						</v8:StringQualifiers>
					</Type>
					<PasswordMode>false</PasswordMode>
					<Format/>
					<EditFormat/>
					<ToolTip>
						<v8:item>
							<v8:lang>ru</v8:lang>
							<v8:content>Указывает путь к формам</v8:content>
						</v8:item>
					</ToolTip>
					<MarkNegatives>false</MarkNegatives>
					<Mask/>
					<MultiLine>false</MultiLine>
					<ExtendedEdit>false</ExtendedEdit>
					<MinValue xsi:nil="true"/>
					<MaxValue xsi:nil="true"/>
					<FillChecking>DontCheck</FillChecking>
					<ChoiceFoldersAndItems>Items</ChoiceFoldersAndItems>
					<ChoiceParameterLinks/>
					<ChoiceParameters/>
					<QuickChoice>Auto</QuickChoice>
					<CreateOnInput>Auto</CreateOnInput>
					<ChoiceForm/>
					<LinkByType/>
					<ChoiceHistoryOnInput>Auto</ChoiceHistoryOnInput>
				</Properties>
			</Attribute>
			<Attribute uuid="9673e4a9-e550-42a2-970d-9385adb98919">
				<Properties>
					<Name>ДоступныеТипыДанных</Name>
					<Synonym>
						<v8:item>
							<v8:lang>ru</v8:lang>
							<v8:content>Доступные типы данных</v8:content>
						</v8:item>
					</Synonym>
					<Comment/>
					<Type>
						<v8:Type>v8:TypeDescription</v8:Type>
						<v8:TypeSet>cfg:AnyRef</v8:TypeSet>
					</Type>
					<PasswordMode>false</PasswordMode>
					<Format/>
					<EditFormat/>
					<ToolTip>
						<v8:item>
							<v8:lang>ru</v8:lang>
							<v8:content>Определяет доступные типы данных</v8:content>
						</v8:item>
					</ToolTip>
					<MarkNegatives>false</MarkNegatives>
					<Mask/>
					<MultiLine>false</MultiLine>
					<ExtendedEdit>false</ExtendedEdit>
					<MinValue xsi:nil="true"/>
					<MaxValue xsi:nil="true"/>
					<FillChecking>DontCheck</FillChecking>
					<ChoiceFoldersAndItems>Items</ChoiceFoldersAndItems>
					<ChoiceParameterLinks/>
					<ChoiceParameters/>
					<QuickChoice>Auto</QuickChoice>
					<CreateOnInput>Auto</CreateOnInput>
					<ChoiceForm/>
					<LinkByType/>
					<ChoiceHistoryOnInput>Auto</ChoiceHistoryOnInput>
				</Properties>
			</Attribute>
			<Attribute uuid="d39ec092-07d4-45f3-8bfc-23b1e46d6e0d">
				<Properties>
					<Name>ИмяФайла</Name>
					<Synonym>
						<v8:item>
							<v8:lang>ru</v8:lang>
							<v8:content>Имя файла</v8:content>
						</v8:item>
					</Synonym>
					<Comment>Имя файла XML, где хранятся запросы и параметры.</Comment>
					<Type>
						<v8:Type>xs:string</v8:Type>
						<v8:StringQualifiers>
							<v8:Length>0</v8:Length>
							<v8:AllowedLength>Variable</v8:AllowedLength>
						</v8:StringQualifiers>
					</Type>
					<PasswordMode>false</PasswordMode>
					<Format/>
					<EditFormat/>
					<ToolTip>
						<v8:item>
							<v8:lang>ru</v8:lang>
							<v8:content>Имя файла XML, где хранятся запросы и его параметры</v8:content>
						</v8:item>
					</ToolTip>
					<MarkNegatives>false</MarkNegatives>
					<Mask/>
					<MultiLine>false</MultiLine>
					<ExtendedEdit>false</ExtendedEdit>
					<MinValue xsi:nil="true"/>
					<MaxValue xsi:nil="true"/>
					<FillChecking>DontCheck</FillChecking>
					<ChoiceFoldersAndItems>Items</ChoiceFoldersAndItems>
					<ChoiceParameterLinks/>
					<ChoiceParameters/>
					<QuickChoice>Auto</QuickChoice>
					<CreateOnInput>Auto</CreateOnInput>
					<ChoiceForm/>
					<LinkByType/>
					<ChoiceHistoryOnInput>Auto</ChoiceHistoryOnInput>
				</Properties>
			</Attribute>
			<Attribute uuid="9004d60f-4165-46c8-acc0-de0504ea20d5">
				<Properties>
					<Name>ВыводитьВРезультатахЗапросаЗначенияСсылок</Name>
					<Synonym>
						<v8:item>
							<v8:lang>ru</v8:lang>
							<v8:content>Выводить в результатах запроса значения ссылок</v8:content>
						</v8:item>
					</Synonym>
					<Comment/>
					<Type>
						<v8:Type>xs:boolean</v8:Type>
					</Type>
					<PasswordMode>false</PasswordMode>
					<Format/>
					<EditFormat/>
					<ToolTip>
						<v8:item>
							<v8:lang>ru</v8:lang>
							<v8:content>Указывает необходимо ли выводить в результатах запроса значения ссылок</v8:content>
						</v8:item>
					</ToolTip>
					<MarkNegatives>false</MarkNegatives>
					<Mask/>
					<MultiLine>false</MultiLine>
					<ExtendedEdit>false</ExtendedEdit>
					<MinValue xsi:nil="true"/>
					<MaxValue xsi:nil="true"/>
					<FillChecking>DontCheck</FillChecking>
					<ChoiceFoldersAndItems>Items</ChoiceFoldersAndItems>
					<ChoiceParameterLinks/>
					<ChoiceParameters/>
					<QuickChoice>Auto</QuickChoice>
					<CreateOnInput>Auto</CreateOnInput>
					<ChoiceForm/>
					<LinkByType/>
					<ChoiceHistoryOnInput>Auto</ChoiceHistoryOnInput>
				</Properties>
			</Attribute>
			<Attribute uuid="c5cc8059-4517-4e20-a6f3-8c725d433d46">
				<Properties>
					<Name>ТипОбхода</Name>
					<Synonym>
						<v8:item>
							<v8:lang>ru</v8:lang>
							<v8:content>Тип обхода результата запроса</v8:content>
						</v8:item>
					</Synonym>
					<Comment/>
					<Type>
						<v8:Type>xs:string</v8:Type>
						<v8:StringQualifiers>
							<v8:Length>10</v8:Length>
							<v8:AllowedLength>Variable</v8:AllowedLength>
						</v8:StringQualifiers>
					</Type>
					<PasswordMode>false</PasswordMode>
					<Format/>
					<EditFormat/>
					<ToolTip>
						<v8:item>
							<v8:lang>ru</v8:lang>
							<v8:content>Варианты обхода результата запроса</v8:content>
						</v8:item>
					</ToolTip>
					<MarkNegatives>false</MarkNegatives>
					<Mask/>
					<MultiLine>false</MultiLine>
					<ExtendedEdit>false</ExtendedEdit>
					<MinValue xsi:nil="true"/>
					<MaxValue xsi:nil="true"/>
					<FillChecking>DontCheck</FillChecking>
					<ChoiceFoldersAndItems>Items</ChoiceFoldersAndItems>
					<ChoiceParameterLinks/>
					<ChoiceParameters/>
					<QuickChoice>Auto</QuickChoice>
					<CreateOnInput>Auto</CreateOnInput>
					<ChoiceForm/>
					<LinkByType/>
					<ChoiceHistoryOnInput>Auto</ChoiceHistoryOnInput>
				</Properties>
			</Attribute>
			<Attribute uuid="c1533068-bddf-4376-949a-d195ca2d0d73">
				<Properties>
					<Name>ЧередованиеЦветовВРезультатеЗапроса</Name>
					<Synonym>
						<v8:item>
							<v8:lang>ru</v8:lang>
							<v8:content>Чередование цветов в результате запроса</v8:content>
						</v8:item>
					</Synonym>
					<Comment/>
					<Type>
						<v8:Type>xs:boolean</v8:Type>
					</Type>
					<PasswordMode>false</PasswordMode>
					<Format/>
					<EditFormat/>
					<ToolTip>
						<v8:item>
							<v8:lang>ru</v8:lang>
							<v8:content>Использовать чередование цветов при выводе результатов запроса</v8:content>
						</v8:item>
					</ToolTip>
					<MarkNegatives>false</MarkNegatives>
					<Mask/>
					<MultiLine>false</MultiLine>
					<ExtendedEdit>false</ExtendedEdit>
					<MinValue xsi:nil="true"/>
					<MaxValue xsi:nil="true"/>
					<FillChecking>DontCheck</FillChecking>
					<ChoiceFoldersAndItems>Items</ChoiceFoldersAndItems>
					<ChoiceParameterLinks/>
					<ChoiceParameters/>
					<QuickChoice>Auto</QuickChoice>
					<CreateOnInput>Auto</CreateOnInput>
					<ChoiceForm/>
					<LinkByType/>
					<ChoiceHistoryOnInput>Auto</ChoiceHistoryOnInput>
				</Properties>
			</Attribute>
			<TabularSection uuid="cf148bf5-d8fe-4c39-a0f9-a1a96fd79ba2">
				<InternalInfo>
					<xr:GeneratedType name="DataProcessorTabularSection.КонсольЗапросов.Запросы" category="TabularSection">
						<xr:TypeId>5fee55d3-7d9a-48d8-8e9a-efbbdaec65a9</xr:TypeId>
						<xr:ValueId>6ecadfcc-f4dd-43b6-97a4-75d457bdbfa4</xr:ValueId>
					</xr:GeneratedType>
					<xr:GeneratedType name="DataProcessorTabularSectionRow.КонсольЗапросов.Запросы" category="TabularSectionRow">
						<xr:TypeId>19316fd7-28ec-478c-a274-74e544162054</xr:TypeId>
						<xr:ValueId>f50079f4-4499-4041-aee8-fbcc5005c56e</xr:ValueId>
					</xr:GeneratedType>
				</InternalInfo>
				<Properties>
					<Name>Запросы</Name>
					<Synonym>
						<v8:item>
							<v8:lang>ru</v8:lang>
							<v8:content>Запросы</v8:content>
						</v8:item>
					</Synonym>
					<Comment/>
					<ToolTip/>
					<FillChecking>DontCheck</FillChecking>
					<StandardAttributes>
						<xr:StandardAttribute name="LineNumber">
							<xr:LinkByType/>
							<xr:FillChecking>DontCheck</xr:FillChecking>
							<xr:MultiLine>false</xr:MultiLine>
							<xr:FillFromFillingValue>false</xr:FillFromFillingValue>
							<xr:CreateOnInput>Auto</xr:CreateOnInput>
							<xr:MaxValue xsi:nil="true"/>
							<xr:ToolTip/>
							<xr:ExtendedEdit>false</xr:ExtendedEdit>
							<xr:Format/>
							<xr:ChoiceForm/>
							<xr:QuickChoice>Auto</xr:QuickChoice>
							<xr:ChoiceHistoryOnInput>Auto</xr:ChoiceHistoryOnInput>
							<xr:EditFormat/>
							<xr:PasswordMode>false</xr:PasswordMode>
							<xr:DataHistory>Use</xr:DataHistory>
							<xr:MarkNegatives>false</xr:MarkNegatives>
							<xr:MinValue xsi:nil="true"/>
							<xr:Synonym/>
							<xr:Comment/>
							<xr:FullTextSearch>Use</xr:FullTextSearch>
							<xr:ChoiceParameterLinks/>
							<xr:FillValue xsi:nil="true"/>
							<xr:Mask/>
							<xr:ChoiceParameters/>
						</xr:StandardAttribute>
					</StandardAttributes>
				</Properties>
				<ChildObjects>
					<Attribute uuid="248c9207-30a8-49bc-a4a9-6723d4ebfe43">
						<Properties>
							<Name>Идентификатор</Name>
							<Synonym>
								<v8:item>
									<v8:lang>ru</v8:lang>
									<v8:content>Идентификатор</v8:content>
								</v8:item>
							</Synonym>
							<Comment/>
							<Type>
								<v8:Type>v8:UUID</v8:Type>
							</Type>
							<PasswordMode>false</PasswordMode>
							<Format/>
							<EditFormat/>
							<ToolTip>
								<v8:item>
									<v8:lang>ru</v8:lang>
									<v8:content>Уникальный идентификатор запроса</v8:content>
								</v8:item>
							</ToolTip>
							<MarkNegatives>false</MarkNegatives>
							<Mask/>
							<MultiLine>false</MultiLine>
							<ExtendedEdit>false</ExtendedEdit>
							<MinValue xsi:nil="true"/>
							<MaxValue xsi:nil="true"/>
							<FillFromFillingValue>false</FillFromFillingValue>
							<FillValue xsi:nil="true"/>
							<FillChecking>DontCheck</FillChecking>
							<ChoiceFoldersAndItems>Items</ChoiceFoldersAndItems>
							<ChoiceParameterLinks/>
							<ChoiceParameters/>
							<QuickChoice>Auto</QuickChoice>
							<CreateOnInput>Auto</CreateOnInput>
							<ChoiceForm/>
							<LinkByType/>
							<ChoiceHistoryOnInput>Auto</ChoiceHistoryOnInput>
						</Properties>
					</Attribute>
					<Attribute uuid="4eb147b2-1c7f-45ce-a6b1-c0d2e549d195">
						<Properties>
							<Name>Имя</Name>
							<Synonym>
								<v8:item>
									<v8:lang>ru</v8:lang>
									<v8:content>Имя</v8:content>
								</v8:item>
							</Synonym>
							<Comment>Имя запроса</Comment>
							<Type>
								<v8:Type>xs:string</v8:Type>
								<v8:StringQualifiers>
									<v8:Length>50</v8:Length>
									<v8:AllowedLength>Variable</v8:AllowedLength>
								</v8:StringQualifiers>
							</Type>
							<PasswordMode>false</PasswordMode>
							<Format/>
							<EditFormat/>
							<ToolTip>
								<v8:item>
									<v8:lang>ru</v8:lang>
									<v8:content>Имя запроса</v8:content>
								</v8:item>
							</ToolTip>
							<MarkNegatives>false</MarkNegatives>
							<Mask/>
							<MultiLine>false</MultiLine>
							<ExtendedEdit>false</ExtendedEdit>
							<MinValue xsi:nil="true"/>
							<MaxValue xsi:nil="true"/>
							<FillFromFillingValue>false</FillFromFillingValue>
							<FillValue xsi:type="xs:string"/>
							<FillChecking>DontCheck</FillChecking>
							<ChoiceFoldersAndItems>Items</ChoiceFoldersAndItems>
							<ChoiceParameterLinks/>
							<ChoiceParameters/>
							<QuickChoice>Auto</QuickChoice>
							<CreateOnInput>Auto</CreateOnInput>
							<ChoiceForm/>
							<LinkByType/>
							<ChoiceHistoryOnInput>Auto</ChoiceHistoryOnInput>
						</Properties>
					</Attribute>
					<Attribute uuid="b0755f82-c364-42df-b8b5-fa6d17950915">
						<Properties>
							<Name>Текст</Name>
							<Synonym>
								<v8:item>
									<v8:lang>ru</v8:lang>
									<v8:content>Текст</v8:content>
								</v8:item>
							</Synonym>
							<Comment>Текст запроса</Comment>
							<Type>
								<v8:Type>xs:string</v8:Type>
								<v8:StringQualifiers>
									<v8:Length>0</v8:Length>
									<v8:AllowedLength>Variable</v8:AllowedLength>
								</v8:StringQualifiers>
							</Type>
							<PasswordMode>false</PasswordMode>
							<Format/>
							<EditFormat/>
							<ToolTip>
								<v8:item>
									<v8:lang>ru</v8:lang>
									<v8:content>Текст запроса</v8:content>
								</v8:item>
							</ToolTip>
							<MarkNegatives>false</MarkNegatives>
							<Mask/>
							<MultiLine>false</MultiLine>
							<ExtendedEdit>false</ExtendedEdit>
							<MinValue xsi:nil="true"/>
							<MaxValue xsi:nil="true"/>
							<FillFromFillingValue>false</FillFromFillingValue>
							<FillValue xsi:type="xs:string"/>
							<FillChecking>DontCheck</FillChecking>
							<ChoiceFoldersAndItems>Items</ChoiceFoldersAndItems>
							<ChoiceParameterLinks/>
							<ChoiceParameters/>
							<QuickChoice>Auto</QuickChoice>
							<CreateOnInput>Auto</CreateOnInput>
							<ChoiceForm/>
							<LinkByType/>
							<ChoiceHistoryOnInput>Auto</ChoiceHistoryOnInput>
						</Properties>
					</Attribute>
					<Attribute uuid="fcd59760-0898-4411-8d81-b31ccb0657e3">
						<Properties>
							<Name>ВремяВыполнения</Name>
							<Synonym>
								<v8:item>
									<v8:lang>ru</v8:lang>
									<v8:content>Время выполнения</v8:content>
								</v8:item>
							</Synonym>
							<Comment>Время выполнения в секундах</Comment>
							<Type>
								<v8:Type>xs:decimal</v8:Type>
								<v8:NumberQualifiers>
									<v8:Digits>10</v8:Digits>
									<v8:FractionDigits>3</v8:FractionDigits>
									<v8:AllowedSign>Nonnegative</v8:AllowedSign>
								</v8:NumberQualifiers>
							</Type>
							<PasswordMode>false</PasswordMode>
							<Format/>
							<EditFormat/>
							<ToolTip>
								<v8:item>
									<v8:lang>ru</v8:lang>
									<v8:content>Время выполнения в секундах</v8:content>
								</v8:item>
							</ToolTip>
							<MarkNegatives>false</MarkNegatives>
							<Mask/>
							<MultiLine>false</MultiLine>
							<ExtendedEdit>false</ExtendedEdit>
							<MinValue xsi:nil="true"/>
							<MaxValue xsi:nil="true"/>
							<FillFromFillingValue>false</FillFromFillingValue>
							<FillValue xsi:nil="true"/>
							<FillChecking>DontCheck</FillChecking>
							<ChoiceFoldersAndItems>Items</ChoiceFoldersAndItems>
							<ChoiceParameterLinks/>
							<ChoiceParameters/>
							<QuickChoice>Auto</QuickChoice>
							<CreateOnInput>Auto</CreateOnInput>
							<ChoiceForm/>
							<LinkByType/>
							<ChoiceHistoryOnInput>Auto</ChoiceHistoryOnInput>
						</Properties>
					</Attribute>
					<Attribute uuid="557da544-5cd7-406c-be35-d83bb0f71ce3">
						<Properties>
							<Name>КоличествоСтрок</Name>
							<Synonym>
								<v8:item>
									<v8:lang>ru</v8:lang>
									<v8:content>Количество строк</v8:content>
								</v8:item>
							</Synonym>
							<Comment>Количество возвращаемых строк в результате запроса</Comment>
							<Type>
								<v8:Type>xs:decimal</v8:Type>
								<v8:NumberQualifiers>
									<v8:Digits>10</v8:Digits>
									<v8:FractionDigits>0</v8:FractionDigits>
									<v8:AllowedSign>Nonnegative</v8:AllowedSign>
								</v8:NumberQualifiers>
							</Type>
							<PasswordMode>false</PasswordMode>
							<Format/>
							<EditFormat/>
							<ToolTip>
								<v8:item>
									<v8:lang>ru</v8:lang>
									<v8:content>Количество возвращаемых строк в результате запроса</v8:content>
								</v8:item>
							</ToolTip>
							<MarkNegatives>false</MarkNegatives>
							<Mask/>
							<MultiLine>false</MultiLine>
							<ExtendedEdit>false</ExtendedEdit>
							<MinValue xsi:nil="true"/>
							<MaxValue xsi:nil="true"/>
							<FillFromFillingValue>false</FillFromFillingValue>
							<FillValue xsi:nil="true"/>
							<FillChecking>DontCheck</FillChecking>
							<ChoiceFoldersAndItems>Items</ChoiceFoldersAndItems>
							<ChoiceParameterLinks/>
							<ChoiceParameters/>
							<QuickChoice>Auto</QuickChoice>
							<CreateOnInput>Auto</CreateOnInput>
							<ChoiceForm/>
							<LinkByType/>
							<ChoiceHistoryOnInput>Auto</ChoiceHistoryOnInput>
						</Properties>
					</Attribute>
					<Attribute uuid="fbb363c8-64f7-43d5-9f8d-d6fe669245dc">
						<Properties>
							<Name>АдресРезультата</Name>
							<Synonym>
								<v8:item>
									<v8:lang>ru</v8:lang>
									<v8:content>Адрес результата</v8:content>
								</v8:item>
							</Synonym>
							<Comment>Адрес временного хранилища, где хранится результат</Comment>
							<Type>
								<v8:Type>xs:string</v8:Type>
								<v8:StringQualifiers>
									<v8:Length>100</v8:Length>
									<v8:AllowedLength>Variable</v8:AllowedLength>
								</v8:StringQualifiers>
							</Type>
							<PasswordMode>false</PasswordMode>
							<Format/>
							<EditFormat/>
							<ToolTip>
								<v8:item>
									<v8:lang>ru</v8:lang>
									<v8:content>Адрес временного хранилища, где хранится результат</v8:content>
								</v8:item>
							</ToolTip>
							<MarkNegatives>false</MarkNegatives>
							<Mask/>
							<MultiLine>false</MultiLine>
							<ExtendedEdit>false</ExtendedEdit>
							<MinValue xsi:nil="true"/>
							<MaxValue xsi:nil="true"/>
							<FillFromFillingValue>false</FillFromFillingValue>
							<FillValue xsi:type="xs:string">                                                                                                    </FillValue>
							<FillChecking>DontCheck</FillChecking>
							<ChoiceFoldersAndItems>Items</ChoiceFoldersAndItems>
							<ChoiceParameterLinks/>
							<ChoiceParameters/>
							<QuickChoice>Auto</QuickChoice>
							<CreateOnInput>Auto</CreateOnInput>
							<ChoiceForm/>
							<LinkByType/>
							<ChoiceHistoryOnInput>Auto</ChoiceHistoryOnInput>
						</Properties>
					</Attribute>
					<Attribute uuid="a1829f95-b918-4233-a50b-159134427d82">
						<Properties>
							<Name>АдресРезультатовЗапроса</Name>
							<Synonym>
								<v8:item>
									<v8:lang>ru</v8:lang>
									<v8:content>Адрес результатов запроса</v8:content>
								</v8:item>
							</Synonym>
							<Comment>Адрес массива результатов запроса во временном  хранилище</Comment>
							<Type>
								<v8:Type>xs:string</v8:Type>
								<v8:StringQualifiers>
									<v8:Length>100</v8:Length>
									<v8:AllowedLength>Variable</v8:AllowedLength>
								</v8:StringQualifiers>
							</Type>
							<PasswordMode>false</PasswordMode>
							<Format/>
							<EditFormat/>
							<ToolTip>
								<v8:item>
									<v8:lang>ru</v8:lang>
									<v8:content>Адрес массива результатов запроса во временном  хранилище</v8:content>
								</v8:item>
							</ToolTip>
							<MarkNegatives>false</MarkNegatives>
							<Mask/>
							<MultiLine>false</MultiLine>
							<ExtendedEdit>false</ExtendedEdit>
							<MinValue xsi:nil="true"/>
							<MaxValue xsi:nil="true"/>
							<FillFromFillingValue>false</FillFromFillingValue>
							<FillValue xsi:type="xs:string"/>
							<FillChecking>DontCheck</FillChecking>
							<ChoiceFoldersAndItems>Items</ChoiceFoldersAndItems>
							<ChoiceParameterLinks/>
							<ChoiceParameters/>
							<QuickChoice>Auto</QuickChoice>
							<CreateOnInput>Auto</CreateOnInput>
							<ChoiceForm/>
							<LinkByType/>
							<ChoiceHistoryOnInput>Auto</ChoiceHistoryOnInput>
						</Properties>
					</Attribute>
					<Attribute uuid="1ee773be-caaf-47ba-a331-2956e77ec342">
						<Properties>
							<Name>АдресХранилищаПланаЗапроса</Name>
							<Synonym>
								<v8:item>
									<v8:lang>ru</v8:lang>
									<v8:content>Адрес хранилища плана запроса</v8:content>
								</v8:item>
							</Synonym>
							<Comment/>
							<Type>
								<v8:Type>xs:string</v8:Type>
								<v8:StringQualifiers>
									<v8:Length>0</v8:Length>
									<v8:AllowedLength>Variable</v8:AllowedLength>
								</v8:StringQualifiers>
							</Type>
							<PasswordMode>false</PasswordMode>
							<Format/>
							<EditFormat/>
							<ToolTip/>
							<MarkNegatives>false</MarkNegatives>
							<Mask/>
							<MultiLine>false</MultiLine>
							<ExtendedEdit>false</ExtendedEdit>
							<MinValue xsi:nil="true"/>
							<MaxValue xsi:nil="true"/>
							<FillFromFillingValue>false</FillFromFillingValue>
							<FillValue xsi:type="xs:string"/>
							<FillChecking>DontCheck</FillChecking>
							<ChoiceFoldersAndItems>Items</ChoiceFoldersAndItems>
							<ChoiceParameterLinks/>
							<ChoiceParameters/>
							<QuickChoice>Auto</QuickChoice>
							<CreateOnInput>Auto</CreateOnInput>
							<ChoiceForm/>
							<LinkByType/>
							<ChoiceHistoryOnInput>Auto</ChoiceHistoryOnInput>
						</Properties>
					</Attribute>
				</ChildObjects>
			</TabularSection>
			<TabularSection uuid="f383417a-b752-4800-a4cb-936f953b8cae">
				<InternalInfo>
					<xr:GeneratedType name="DataProcessorTabularSection.КонсольЗапросов.Параметры" category="TabularSection">
						<xr:TypeId>3225b16f-0ce8-467b-b702-3d270b9c5884</xr:TypeId>
						<xr:ValueId>fe6c4294-cee8-42b5-8194-200b2621b477</xr:ValueId>
					</xr:GeneratedType>
					<xr:GeneratedType name="DataProcessorTabularSectionRow.КонсольЗапросов.Параметры" category="TabularSectionRow">
						<xr:TypeId>8dbbb5e6-39ad-4f2b-ac11-7401aea61c6e</xr:TypeId>
						<xr:ValueId>ed5f3eb2-9e8d-4f3d-8b07-45ec694c2c0d</xr:ValueId>
					</xr:GeneratedType>
				</InternalInfo>
				<Properties>
					<Name>Параметры</Name>
					<Synonym>
						<v8:item>
							<v8:lang>ru</v8:lang>
							<v8:content>Параметры</v8:content>
						</v8:item>
					</Synonym>
					<Comment/>
					<ToolTip/>
					<FillChecking>DontCheck</FillChecking>
					<StandardAttributes>
						<xr:StandardAttribute name="LineNumber">
							<xr:LinkByType/>
							<xr:FillChecking>DontCheck</xr:FillChecking>
							<xr:MultiLine>false</xr:MultiLine>
							<xr:FillFromFillingValue>false</xr:FillFromFillingValue>
							<xr:CreateOnInput>Auto</xr:CreateOnInput>
							<xr:MaxValue xsi:nil="true"/>
							<xr:ToolTip/>
							<xr:ExtendedEdit>false</xr:ExtendedEdit>
							<xr:Format/>
							<xr:ChoiceForm/>
							<xr:QuickChoice>Auto</xr:QuickChoice>
							<xr:ChoiceHistoryOnInput>Auto</xr:ChoiceHistoryOnInput>
							<xr:EditFormat/>
							<xr:PasswordMode>false</xr:PasswordMode>
							<xr:DataHistory>Use</xr:DataHistory>
							<xr:MarkNegatives>false</xr:MarkNegatives>
							<xr:MinValue xsi:nil="true"/>
							<xr:Synonym/>
							<xr:Comment/>
							<xr:FullTextSearch>Use</xr:FullTextSearch>
							<xr:ChoiceParameterLinks/>
							<xr:FillValue xsi:nil="true"/>
							<xr:Mask/>
							<xr:ChoiceParameters/>
						</xr:StandardAttribute>
					</StandardAttributes>
				</Properties>
				<ChildObjects>
					<Attribute uuid="320c2570-b133-416c-979b-993e732d3e60">
						<Properties>
							<Name>Идентификатор</Name>
							<Synonym>
								<v8:item>
									<v8:lang>ru</v8:lang>
									<v8:content>Идентификатор</v8:content>
								</v8:item>
							</Synonym>
							<Comment>Идентификатор</Comment>
							<Type>
								<v8:Type>v8:UUID</v8:Type>
							</Type>
							<PasswordMode>false</PasswordMode>
							<Format/>
							<EditFormat/>
							<ToolTip>
								<v8:item>
									<v8:lang>ru</v8:lang>
									<v8:content>Идентификатор параметра</v8:content>
								</v8:item>
							</ToolTip>
							<MarkNegatives>false</MarkNegatives>
							<Mask/>
							<MultiLine>false</MultiLine>
							<ExtendedEdit>false</ExtendedEdit>
							<MinValue xsi:nil="true"/>
							<MaxValue xsi:nil="true"/>
							<FillFromFillingValue>false</FillFromFillingValue>
							<FillValue xsi:nil="true"/>
							<FillChecking>DontCheck</FillChecking>
							<ChoiceFoldersAndItems>Items</ChoiceFoldersAndItems>
							<ChoiceParameterLinks/>
							<ChoiceParameters/>
							<QuickChoice>Auto</QuickChoice>
							<CreateOnInput>Auto</CreateOnInput>
							<ChoiceForm/>
							<LinkByType/>
							<ChoiceHistoryOnInput>Auto</ChoiceHistoryOnInput>
						</Properties>
					</Attribute>
					<Attribute uuid="2526c1ac-db78-4d61-8497-fc8fbf1527a1">
						<Properties>
							<Name>ИдентификаторЗапроса</Name>
							<Synonym>
								<v8:item>
									<v8:lang>ru</v8:lang>
									<v8:content>Идентификатор запроса</v8:content>
								</v8:item>
							</Synonym>
							<Comment>Идентификатор запроса</Comment>
							<Type>
								<v8:Type>v8:UUID</v8:Type>
							</Type>
							<PasswordMode>false</PasswordMode>
							<Format/>
							<EditFormat/>
							<ToolTip>
								<v8:item>
									<v8:lang>ru</v8:lang>
									<v8:content>Уникальный идентификатор запроса</v8:content>
								</v8:item>
							</ToolTip>
							<MarkNegatives>false</MarkNegatives>
							<Mask/>
							<MultiLine>false</MultiLine>
							<ExtendedEdit>false</ExtendedEdit>
							<MinValue xsi:nil="true"/>
							<MaxValue xsi:nil="true"/>
							<FillFromFillingValue>false</FillFromFillingValue>
							<FillValue xsi:nil="true"/>
							<FillChecking>DontCheck</FillChecking>
							<ChoiceFoldersAndItems>Items</ChoiceFoldersAndItems>
							<ChoiceParameterLinks/>
							<ChoiceParameters/>
							<QuickChoice>Auto</QuickChoice>
							<CreateOnInput>Auto</CreateOnInput>
							<ChoiceForm/>
							<LinkByType/>
							<ChoiceHistoryOnInput>Auto</ChoiceHistoryOnInput>
						</Properties>
					</Attribute>
					<Attribute uuid="1e31ae16-0a97-4eb8-a794-db4e8b184cbd">
						<Properties>
							<Name>Имя</Name>
							<Synonym>
								<v8:item>
									<v8:lang>ru</v8:lang>
									<v8:content>Имя</v8:content>
								</v8:item>
							</Synonym>
							<Comment>Имя параметра</Comment>
							<Type>
								<v8:Type>xs:string</v8:Type>
								<v8:StringQualifiers>
									<v8:Length>50</v8:Length>
									<v8:AllowedLength>Variable</v8:AllowedLength>
								</v8:StringQualifiers>
							</Type>
							<PasswordMode>false</PasswordMode>
							<Format/>
							<EditFormat/>
							<ToolTip>
								<v8:item>
									<v8:lang>ru</v8:lang>
									<v8:content>Имя параметра</v8:content>
								</v8:item>
							</ToolTip>
							<MarkNegatives>false</MarkNegatives>
							<Mask/>
							<MultiLine>false</MultiLine>
							<ExtendedEdit>false</ExtendedEdit>
							<MinValue xsi:nil="true"/>
							<MaxValue xsi:nil="true"/>
							<FillFromFillingValue>false</FillFromFillingValue>
							<FillValue xsi:type="xs:string"/>
							<FillChecking>DontCheck</FillChecking>
							<ChoiceFoldersAndItems>Items</ChoiceFoldersAndItems>
							<ChoiceParameterLinks/>
							<ChoiceParameters/>
							<QuickChoice>Auto</QuickChoice>
							<CreateOnInput>Auto</CreateOnInput>
							<ChoiceForm/>
							<LinkByType/>
							<ChoiceHistoryOnInput>Auto</ChoiceHistoryOnInput>
						</Properties>
					</Attribute>
					<Attribute uuid="9837573f-3710-4534-84c9-cbc5ac120c83">
						<Properties>
							<Name>Тип</Name>
							<Synonym>
								<v8:item>
									<v8:lang>ru</v8:lang>
									<v8:content>Тип</v8:content>
								</v8:item>
							</Synonym>
							<Comment>Тип</Comment>
							<Type>
								<v8:Type>xs:string</v8:Type>
								<v8:StringQualifiers>
									<v8:Length>0</v8:Length>
									<v8:AllowedLength>Variable</v8:AllowedLength>
								</v8:StringQualifiers>
							</Type>
							<PasswordMode>false</PasswordMode>
							<Format/>
							<EditFormat/>
							<ToolTip>
								<v8:item>
									<v8:lang>ru</v8:lang>
									<v8:content>Тип параметра</v8:content>
								</v8:item>
							</ToolTip>
							<MarkNegatives>false</MarkNegatives>
							<Mask/>
							<MultiLine>false</MultiLine>
							<ExtendedEdit>false</ExtendedEdit>
							<MinValue xsi:nil="true"/>
							<MaxValue xsi:nil="true"/>
							<FillFromFillingValue>false</FillFromFillingValue>
							<FillValue xsi:type="xs:string"/>
							<FillChecking>DontCheck</FillChecking>
							<ChoiceFoldersAndItems>Items</ChoiceFoldersAndItems>
							<ChoiceParameterLinks/>
							<ChoiceParameters/>
							<QuickChoice>Auto</QuickChoice>
							<CreateOnInput>Auto</CreateOnInput>
							<ChoiceForm/>
							<LinkByType/>
							<ChoiceHistoryOnInput>Auto</ChoiceHistoryOnInput>
						</Properties>
					</Attribute>
					<Attribute uuid="1290c232-a193-456c-873d-aae4bcfb4dfd">
						<Properties>
							<Name>Значение</Name>
							<Synonym>
								<v8:item>
									<v8:lang>ru</v8:lang>
									<v8:content>Значение</v8:content>
								</v8:item>
							</Synonym>
							<Comment>Значение параметра</Comment>
							<Type>
								<v8:Type>xs:string</v8:Type>
								<v8:StringQualifiers>
									<v8:Length>0</v8:Length>
									<v8:AllowedLength>Variable</v8:AllowedLength>
								</v8:StringQualifiers>
							</Type>
							<PasswordMode>false</PasswordMode>
							<Format/>
							<EditFormat/>
							<ToolTip>
								<v8:item>
									<v8:lang>ru</v8:lang>
									<v8:content>Значение параметра</v8:content>
								</v8:item>
							</ToolTip>
							<MarkNegatives>false</MarkNegatives>
							<Mask/>
							<MultiLine>false</MultiLine>
							<ExtendedEdit>false</ExtendedEdit>
							<MinValue xsi:nil="true"/>
							<MaxValue xsi:nil="true"/>
							<FillFromFillingValue>false</FillFromFillingValue>
							<FillValue xsi:type="xs:string"/>
							<FillChecking>DontCheck</FillChecking>
							<ChoiceFoldersAndItems>Items</ChoiceFoldersAndItems>
							<ChoiceParameterLinks/>
							<ChoiceParameters/>
							<QuickChoice>Auto</QuickChoice>
							<CreateOnInput>Auto</CreateOnInput>
							<ChoiceForm/>
							<LinkByType/>
							<ChoiceHistoryOnInput>Auto</ChoiceHistoryOnInput>
						</Properties>
					</Attribute>
				</ChildObjects>
			</TabularSection>
			<Form>Форма</Form>
			<Form>Настройки</Form>
			<Form>ВыборЗапроса</Form>
			<Form>ТаблицаЗначений</Form>
			<Form>ТекстЗапросаДляКонфигуратора</Form>
			<Form>МоментВремени</Form>
			<Form>Граница</Form>
			<Form>РезультатЗапроса</Form>
			<Form>ПланВыполненияЗапроса</Form>
			<Template>РезультатВыполненияЗапроса</Template>
		</ChildObjects>
	</DataProcessor>
</MetaDataObject>