﻿<?xml version="1.0" encoding="UTF-8"?>
<MetaDataObject xmlns="http://v8.1c.ru/8.3/MDClasses" xmlns:app="http://v8.1c.ru/8.2/managed-application/core" xmlns:cfg="http://v8.1c.ru/8.1/data/enterprise/current-config" xmlns:cmi="http://v8.1c.ru/8.2/managed-application/cmi" xmlns:ent="http://v8.1c.ru/8.1/data/enterprise" xmlns:lf="http://v8.1c.ru/8.2/managed-application/logform" xmlns:style="http://v8.1c.ru/8.1/data/ui/style" xmlns:sys="http://v8.1c.ru/8.1/data/ui/fonts/system" xmlns:v8="http://v8.1c.ru/8.1/data/core" xmlns:v8ui="http://v8.1c.ru/8.1/data/ui" xmlns:web="http://v8.1c.ru/8.1/data/ui/colors/web" xmlns:win="http://v8.1c.ru/8.1/data/ui/colors/windows" xmlns:xen="http://v8.1c.ru/8.3/xcf/enums" xmlns:xpr="http://v8.1c.ru/8.3/xcf/predef" xmlns:xr="http://v8.1c.ru/8.3/xcf/readable" xmlns:xs="http://www.w3.org/2001/XMLSchema" xmlns:xsi="http://www.w3.org/2001/XMLSchema-instance" version="2.16">
	<InformationRegister uuid="f69afff6-0fe0-4aec-a68d-1e6a02d7943d">
		<InternalInfo>
			<xr:GeneratedType name="InformationRegisterRecord.ПроизводственныйКалендарь" category="Record">
				<xr:TypeId>f92da640-2eae-409d-a136-fff6dac25bcd</xr:TypeId>
				<xr:ValueId>73f7ea73-5e50-44d4-a88f-42c6b8347a25</xr:ValueId>
			</xr:GeneratedType>
			<xr:GeneratedType name="InformationRegisterManager.ПроизводственныйКалендарь" category="Manager">
				<xr:TypeId>087a8e0b-ee70-4eda-a6a6-951e23707e88</xr:TypeId>
				<xr:ValueId>1fb47057-2390-4c28-85de-499a9c3c5db2</xr:ValueId>
			</xr:GeneratedType>
			<xr:GeneratedType name="InformationRegisterSelection.ПроизводственныйКалендарь" category="Selection">
				<xr:TypeId>a16c3e9b-1faf-4963-82db-746bf78fe1ef</xr:TypeId>
				<xr:ValueId>135472c7-6967-43ac-abfb-daa4ecbab428</xr:ValueId>
			</xr:GeneratedType>
			<xr:GeneratedType name="InformationRegisterList.ПроизводственныйКалендарь" category="List">
				<xr:TypeId>7a170039-6bfd-4c31-83f0-2ad1f77c8315</xr:TypeId>
				<xr:ValueId>8999e9e8-be7f-4c7f-b996-ab5944bc07b3</xr:ValueId>
			</xr:GeneratedType>
			<xr:GeneratedType name="InformationRegisterRecordSet.ПроизводственныйКалендарь" category="RecordSet">
				<xr:TypeId>dbf2fee4-085b-4efb-87de-880f20b2f265</xr:TypeId>
				<xr:ValueId>92bec0e3-cf75-4005-9783-4fe2a4e5ea28</xr:ValueId>
			</xr:GeneratedType>
			<xr:GeneratedType name="InformationRegisterRecordKey.ПроизводственныйКалендарь" category="RecordKey">
				<xr:TypeId>d0ffd6f3-b33b-4cf7-9e1b-83403e5c03e7</xr:TypeId>
				<xr:ValueId>23f916d4-272a-4d3d-a83b-fe5a591f2530</xr:ValueId>
			</xr:GeneratedType>
			<xr:GeneratedType name="InformationRegisterRecordManager.ПроизводственныйКалендарь" category="RecordManager">
				<xr:TypeId>7178a885-406f-47d0-b5e9-d80c4b40c447</xr:TypeId>
				<xr:ValueId>aae763ee-62da-4128-9731-cc1d9d40618b</xr:ValueId>
			</xr:GeneratedType>
		</InternalInfo>
		<Properties>
			<Name>ПроизводственныйКалендарь</Name>
			<Synonym>
				<v8:item>
					<v8:lang>ru</v8:lang>
					<v8:content>Производственный календарь</v8:content>
				</v8:item>
			</Synonym>
			<Comment/>
			<UseStandardCommands>true</UseStandardCommands>
			<EditType>InDialog</EditType>
			<DefaultRecordForm/>
			<DefaultListForm/>
			<AuxiliaryRecordForm/>
			<AuxiliaryListForm/>
			<InformationRegisterPeriodicity>Nonperiodical</InformationRegisterPeriodicity>
			<WriteMode>Independent</WriteMode>
			<MainFilterOnPeriod>false</MainFilterOnPeriod>
			<IncludeHelpInContents>false</IncludeHelpInContents>
			<DataLockControlMode>Managed</DataLockControlMode>
			<FullTextSearch>DontUse</FullTextSearch>
			<EnableTotalsSliceFirst>false</EnableTotalsSliceFirst>
			<EnableTotalsSliceLast>false</EnableTotalsSliceLast>
			<RecordPresentation/>
			<ExtendedRecordPresentation/>
			<ListPresentation/>
			<ExtendedListPresentation/>
			<Explanation/>
			<DataHistory>DontUse</DataHistory>
			<UpdateDataHistoryImmediatelyAfterWrite>false</UpdateDataHistoryImmediatelyAfterWrite>
			<ExecuteAfterWriteDataHistoryVersionProcessing>false</ExecuteAfterWriteDataHistoryVersionProcessing>
		</Properties>
		<ChildObjects>
			<Resource uuid="7597bef8-a488-4dcb-b67d-13fd29266d46">
				<Properties>
					<Name>КоличествоЧасов</Name>
					<Synonym>
						<v8:item>
							<v8:lang>ru</v8:lang>
							<v8:content>Количество часов</v8:content>
						</v8:item>
					</Synonym>
					<Comment/>
					<Type>
						<v8:Type>xs:decimal</v8:Type>
						<v8:NumberQualifiers>
							<v8:Digits>2</v8:Digits>
							<v8:FractionDigits>0</v8:FractionDigits>
							<v8:AllowedSign>Nonnegative</v8:AllowedSign>
						</v8:NumberQualifiers>
					</Type>
					<PasswordMode>false</PasswordMode>
					<Format/>
					<EditFormat/>
					<ToolTip/>
					<MarkNegatives>false</MarkNegatives>
					<Mask/>
					<MultiLine>false</MultiLine>
					<ExtendedEdit>false</ExtendedEdit>
					<MinValue xsi:type="xs:string">0</MinValue>
					<MaxValue xsi:type="xs:string">24</MaxValue>
					<FillFromFillingValue>false</FillFromFillingValue>
					<FillValue xsi:nil="true"/>
					<FillChecking>DontCheck</FillChecking>
					<ChoiceFoldersAndItems>Items</ChoiceFoldersAndItems>
					<ChoiceParameterLinks/>
					<ChoiceParameters/>
					<QuickChoice>Auto</QuickChoice>
					<CreateOnInput>Auto</CreateOnInput>
					<ChoiceForm/>
					<LinkByType/>
					<ChoiceHistoryOnInput>Auto</ChoiceHistoryOnInput>
					<Indexing>DontIndex</Indexing>
					<FullTextSearch>Use</FullTextSearch>
					<DataHistory>Use</DataHistory>
				</Properties>
			</Resource>
			<Dimension uuid="5a439d33-315d-49d8-9c9f-de606cdd827b">
				<Properties>
					<Name>День</Name>
					<Synonym>
						<v8:item>
							<v8:lang>ru</v8:lang>
							<v8:content>День</v8:content>
						</v8:item>
					</Synonym>
					<Comment/>
					<Type>
						<v8:Type>xs:dateTime</v8:Type>
						<v8:DateQualifiers>
							<v8:DateFractions>Date</v8:DateFractions>
						</v8:DateQualifiers>
					</Type>
					<PasswordMode>false</PasswordMode>
					<Format/>
					<EditFormat/>
					<ToolTip/>
					<MarkNegatives>false</MarkNegatives>
					<Mask/>
					<MultiLine>false</MultiLine>
					<ExtendedEdit>false</ExtendedEdit>
					<MinValue xsi:nil="true"/>
					<MaxValue xsi:nil="true"/>
					<FillFromFillingValue>false</FillFromFillingValue>
					<FillValue xsi:nil="true"/>
					<FillChecking>DontCheck</FillChecking>
					<ChoiceFoldersAndItems>Items</ChoiceFoldersAndItems>
					<ChoiceParameterLinks/>
					<ChoiceParameters/>
					<QuickChoice>Auto</QuickChoice>
					<CreateOnInput>Auto</CreateOnInput>
					<ChoiceForm/>
					<LinkByType/>
					<ChoiceHistoryOnInput>Auto</ChoiceHistoryOnInput>
					<Master>false</Master>
					<MainFilter>true</MainFilter>
					<DenyIncompleteValues>true</DenyIncompleteValues>
					<Indexing>DontIndex</Indexing>
					<FullTextSearch>Use</FullTextSearch>
					<DataHistory>Use</DataHistory>
				</Properties>
			</Dimension>
		</ChildObjects>
	</InformationRegister>
</MetaDataObject>