﻿<?xml version="1.0" encoding="UTF-8"?>
<CommandInterface xmlns="http://v8.1c.ru/8.3/xcf/extrnprops" xmlns:xr="http://v8.1c.ru/8.3/xcf/readable" xmlns:xs="http://www.w3.org/2001/XMLSchema" xmlns:xsi="http://www.w3.org/2001/XMLSchema-instance" version="2.16">
	<CommandsVisibility>
		<Command name="Document.ЗаказКлиента.StandardCommand.OpenList">
			<Visibility>
				<xr:Common>true</xr:Common>
			</Visibility>
		</Command>
		<Command name="Catalog.ВидыХарактеристик.StandardCommand.OpenList">
			<Visibility>
				<xr:Common>false</xr:Common>
			</Visibility>
		</Command>
		<Command name="InformationRegister.ЦеныНоменклатуры.StandardCommand.OpenList">
			<Visibility>
				<xr:Common>true</xr:Common>
			</Visibility>
		</Command>
		<Command name="Catalog.СкладыКомпании.StandardCommand.OpenList">
			<Visibility>
				<xr:Common>true</xr:Common>
			</Visibility>
		</Command>
		<Command name="Document.ПриходнаяНакладная.StandardCommand.OpenList">
			<Visibility>
				<xr:Common>false</xr:Common>
			</Visibility>
		</Command>
		<Command name="Document.РасходнаяНакладная.StandardCommand.OpenList">
			<Visibility>
				<xr:Common>false</xr:Common>
			</Visibility>
		</Command>
		<Command name="DocumentJournal.СкладскиеНакладные.StandardCommand.OpenList">
			<Visibility>
				<xr:Common>true</xr:Common>
			</Visibility>
		</Command>
		<Command name="Catalog.ВариантыЗначенийХарактеристик.StandardCommand.OpenList">
			<Visibility>
				<xr:Common>true</xr:Common>
			</Visibility>
		</Command>
		<Command name="ChartOfCharacteristicTypes.ВидыХарактеристик.StandardCommand.OpenList">
			<Visibility>
				<xr:Common>true</xr:Common>
			</Visibility>
		</Command>
		<Command name="InformationRegister.ХарактеристикиНоменклатуры.StandardCommand.OpenList">
			<Visibility>
				<xr:Common>true</xr:Common>
			</Visibility>
		</Command>
		<Command name="Catalog.Контрагенты.StandardCommand.OpenList">
			<Visibility>
				<xr:Common>true</xr:Common>
			</Visibility>
		</Command>
		<Command name="Catalog.Номенклатура.StandardCommand.OpenList">
			<Visibility>
				<xr:Common>true</xr:Common>
			</Visibility>
		</Command>
		<Command name="Catalog.Договоры.StandardCommand.OpenList">
			<Visibility>
				<xr:Common>true</xr:Common>
			</Visibility>
		</Command>
		<Command name="AccumulationRegister.ОборотыПродаж.StandardCommand.OpenList">
			<Visibility>
				<xr:Common>true</xr:Common>
			</Visibility>
		</Command>
		<Command name="Document.ЗаказКлиента.StandardCommand.Create">
			<Visibility>
				<xr:Common>true</xr:Common>
			</Visibility>
		</Command>
	</CommandsVisibility>
	<CommandsPlacement>
		<Command name="Document.ЗаказКлиента.StandardCommand.OpenList">
			<CommandGroup>NavigationPanelImportant</CommandGroup>
			<Placement>Auto</Placement>
		</Command>
		<Command name="InformationRegister.ЦеныНоменклатуры.StandardCommand.OpenList">
			<CommandGroup>CommandGroup.ПериодическиеДанные</CommandGroup>
			<Placement>Auto</Placement>
		</Command>
		<Command name="Catalog.СкладыКомпании.StandardCommand.OpenList">
			<CommandGroup>CommandGroup.УчетныеДанные</CommandGroup>
			<Placement>Auto</Placement>
		</Command>
		<Command name="Document.ПриходнаяНакладная.StandardCommand.OpenList">
			<CommandGroup>CommandGroup.ТорговыеОперации</CommandGroup>
			<Placement>Auto</Placement>
		</Command>
		<Command name="Document.РасходнаяНакладная.StandardCommand.OpenList">
			<CommandGroup>CommandGroup.ТорговыеОперации</CommandGroup>
			<Placement>Auto</Placement>
		</Command>
		<Command name="DocumentJournal.СкладскиеНакладные.StandardCommand.OpenList">
			<CommandGroup>CommandGroup.ТорговыеОперации</CommandGroup>
			<Placement>Auto</Placement>
		</Command>
		<Command name="Catalog.ВариантыЗначенийХарактеристик.StandardCommand.OpenList">
			<CommandGroup>CommandGroup.Характеристики</CommandGroup>
			<Placement>Auto</Placement>
		</Command>
		<Command name="ChartOfCharacteristicTypes.ВидыХарактеристик.StandardCommand.OpenList">
			<CommandGroup>CommandGroup.Характеристики</CommandGroup>
			<Placement>Auto</Placement>
		</Command>
		<Command name="InformationRegister.ХарактеристикиНоменклатуры.StandardCommand.OpenList">
			<CommandGroup>CommandGroup.Характеристики</CommandGroup>
			<Placement>Auto</Placement>
		</Command>
		<Command name="Catalog.Контрагенты.StandardCommand.OpenList">
			<CommandGroup>NavigationPanelSeeAlso</CommandGroup>
			<Placement>Auto</Placement>
		</Command>
		<Command name="Catalog.Номенклатура.StandardCommand.OpenList">
			<CommandGroup>NavigationPanelSeeAlso</CommandGroup>
			<Placement>Auto</Placement>
		</Command>
		<Command name="Catalog.Договоры.StandardCommand.OpenList">
			<CommandGroup>NavigationPanelSeeAlso</CommandGroup>
			<Placement>Auto</Placement>
		</Command>
		<Command name="AccumulationRegister.ОборотыПродаж.StandardCommand.OpenList">
			<CommandGroup>NavigationPanelSeeAlso</CommandGroup>
			<Placement>Auto</Placement>
		</Command>
	</CommandsPlacement>
	<CommandsOrder>
		<Command name="Document.ЗаказКлиента.StandardCommand.OpenList">
			<CommandGroup>NavigationPanelImportant</CommandGroup>
		</Command>
		<Command name="AccumulationRegister.БонусыСотрудника.StandardCommand.OpenList">
			<CommandGroup>NavigationPanelOrdinary</CommandGroup>
		</Command>
		<Command name="AccumulationRegister.Взаиморасчеты.StandardCommand.OpenList">
			<CommandGroup>NavigationPanelOrdinary</CommandGroup>
		</Command>
		<Command name="Document.ПриходДенег.StandardCommand.OpenList">
			<CommandGroup>NavigationPanelOrdinary</CommandGroup>
		</Command>
		<Command name="Catalog.ВидыХарактеристик.StandardCommand.OpenList">
			<CommandGroup>NavigationPanelOrdinary</CommandGroup>
		</Command>
		<Command name="AccumulationRegister.ОстаткиН.StandardCommand.OpenList">
			<CommandGroup>NavigationPanelOrdinary</CommandGroup>
		</Command>
		<Command name="InformationRegister.ЦеныНоменклатуры.StandardCommand.OpenList">
			<CommandGroup>CommandGroup.ПериодическиеДанные</CommandGroup>
		</Command>
		<Command name="Catalog.СкладыКомпании.StandardCommand.OpenList">
			<CommandGroup>CommandGroup.УчетныеДанные</CommandGroup>
		</Command>
		<Command name="Catalog.Контрагенты.StandardCommand.OpenList">
			<CommandGroup>NavigationPanelSeeAlso</CommandGroup>
		</Command>
		<Command name="Catalog.Номенклатура.StandardCommand.OpenList">
			<CommandGroup>NavigationPanelSeeAlso</CommandGroup>
		</Command>
		<Command name="Catalog.Договоры.StandardCommand.OpenList">
			<CommandGroup>NavigationPanelSeeAlso</CommandGroup>
		</Command>
		<Command name="AccumulationRegister.ОборотыПродаж.StandardCommand.OpenList">
			<CommandGroup>NavigationPanelSeeAlso</CommandGroup>
		</Command>
	</CommandsOrder>
	<GroupsOrder>
		<Group>NavigationPanelImportant</Group>
		<Group>NavigationPanelOrdinary</Group>
		<Group>CommandGroup.ПериодическиеДанные</Group>
		<Group>CommandGroup.УчетныеДанные</Group>
		<Group>NavigationPanelSeeAlso</Group>
	</GroupsOrder>
</CommandInterface>