﻿<?xml version="1.0" encoding="UTF-8"?>
<CommandInterface xmlns="http://v8.1c.ru/8.3/xcf/extrnprops" xmlns:xr="http://v8.1c.ru/8.3/xcf/readable" xmlns:xs="http://www.w3.org/2001/XMLSchema" xmlns:xsi="http://www.w3.org/2001/XMLSchema-instance" version="2.16">
	<CommandsVisibility>
		<Command name="Catalog.СтруктураОгранизации.StandardCommand.OpenList">
			<Visibility>
				<xr:Common>true</xr:Common>
			</Visibility>
		</Command>
		<Command name="InformationRegister.ОкладыСотрудников.StandardCommand.OpenList">
			<Visibility>
				<xr:Common>true</xr:Common>
			</Visibility>
		</Command>
		<Command name="ChartOfCalculationTypes.ВидыРасчета.StandardCommand.OpenList">
			<Visibility>
				<xr:Common>true</xr:Common>
			</Visibility>
		</Command>
		<Command name="InformationRegister.ПроизводственныйКалендарь.StandardCommand.OpenList">
			<Visibility>
				<xr:Common>true</xr:Common>
			</Visibility>
		</Command>
		<Command name="Catalog.Сотрудники.StandardCommand.OpenList">
			<Visibility>
				<xr:Common>true</xr:Common>
			</Visibility>
		</Command>
		<Command name="Document.РасчетнаяВедомость.StandardCommand.OpenList">
			<Visibility>
				<xr:Common>true</xr:Common>
			</Visibility>
		</Command>
		<Command name="Document.РегистрацияПрогула.StandardCommand.OpenList">
			<Visibility>
				<xr:Common>true</xr:Common>
			</Visibility>
		</Command>
		<Command name="Catalog.Сотрудники.StandardCommand.Create">
			<Visibility>
				<xr:Common>true</xr:Common>
			</Visibility>
		</Command>
		<Command name="Catalog.Сотрудники.Command.ЗаполнитьДРуСотрудников">
			<Visibility>
				<xr:Common>true</xr:Common>
			</Visibility>
		</Command>
	</CommandsVisibility>
	<CommandsPlacement>
		<Command name="Catalog.СтруктураОгранизации.StandardCommand.OpenList">
			<CommandGroup>NavigationPanelImportant</CommandGroup>
			<Placement>Auto</Placement>
		</Command>
		<Command name="InformationRegister.ОкладыСотрудников.StandardCommand.OpenList">
			<CommandGroup>CommandGroup.ПериодическиеДанные</CommandGroup>
			<Placement>Auto</Placement>
		</Command>
		<Command name="ChartOfCalculationTypes.ВидыРасчета.StandardCommand.OpenList">
			<CommandGroup>CommandGroup.УчетныеДанные</CommandGroup>
			<Placement>Auto</Placement>
		</Command>
		<Command name="InformationRegister.ПроизводственныйКалендарь.StandardCommand.OpenList">
			<CommandGroup>CommandGroup.УчетныеДанные</CommandGroup>
			<Placement>Auto</Placement>
		</Command>
		<Command name="Catalog.Сотрудники.StandardCommand.OpenList">
			<CommandGroup>CommandGroup.УчетныеДанные</CommandGroup>
			<Placement>Auto</Placement>
		</Command>
		<Command name="Document.РасчетнаяВедомость.StandardCommand.OpenList">
			<CommandGroup>CommandGroup.ЗарплатныеОперации</CommandGroup>
			<Placement>Auto</Placement>
		</Command>
		<Command name="Document.РегистрацияПрогула.StandardCommand.OpenList">
			<CommandGroup>CommandGroup.ЗарплатныеОперации</CommandGroup>
			<Placement>Auto</Placement>
		</Command>
		<Command name="Catalog.Сотрудники.Command.ЗаполнитьДРуСотрудников">
			<CommandGroup>ActionsPanelTools</CommandGroup>
			<Placement>Auto</Placement>
		</Command>
	</CommandsPlacement>
	<CommandsOrder>
		<Command name="Catalog.СтруктураОгранизации.StandardCommand.OpenList">
			<CommandGroup>NavigationPanelImportant</CommandGroup>
		</Command>
		<Command name="CalculationRegister.Зарплата.StandardCommand.OpenList">
			<CommandGroup>NavigationPanelOrdinary</CommandGroup>
		</Command>
		<Command name="InformationRegister.ОкладыСотрудников.StandardCommand.OpenList">
			<CommandGroup>CommandGroup.ПериодическиеДанные</CommandGroup>
		</Command>
		<Command name="Catalog.Сотрудники.Command.ЗаполнитьДРуСотрудников">
			<CommandGroup>ActionsPanelTools</CommandGroup>
		</Command>
		<Command name="DataProcessor.ЗаполнениеПроизводственногоКалендаря.StandardCommand.Open">
			<CommandGroup>ActionsPanelTools</CommandGroup>
		</Command>
	</CommandsOrder>
	<GroupsOrder>
		<Group>NavigationPanelImportant</Group>
		<Group>NavigationPanelOrdinary</Group>
		<Group>CommandGroup.ПериодическиеДанные</Group>
		<Group>ActionsPanelTools</Group>
	</GroupsOrder>
</CommandInterface>