﻿<?xml version="1.0" encoding="UTF-8"?>
<GraphicalSchema xmlns="http://v8.1c.ru/8.3/xcf/scheme" xmlns:sch="http://v8.1c.ru/8.2/data/graphscheme" xmlns:style="http://v8.1c.ru/8.1/data/ui/style" xmlns:v8="http://v8.1c.ru/8.1/data/core" xmlns:v8ui="http://v8.1c.ru/8.1/data/ui" xmlns:web="http://v8.1c.ru/8.1/data/ui/colors/web" xmlns:win="http://v8.1c.ru/8.1/data/ui/colors/windows" xmlns:xs="http://www.w3.org/2001/XMLSchema" xmlns:xsi="http://www.w3.org/2001/XMLSchema-instance" version="2.16">
	<BackColor>style:FieldBackColor</BackColor>
	<GridEnabled>true</GridEnabled>
	<DrawGridMode>Lines</DrawGridMode>
	<GridHorizontalStep>20</GridHorizontalStep>
	<GridVerticalStep>20</GridVerticalStep>
	<PrintParameters>
		<TopMargin>10</TopMargin>
		<LeftMargin>10</LeftMargin>
		<BottomMargin>10</BottomMargin>
		<RightMargin>10</RightMargin>
		<BlackAndWhite>false</BlackAndWhite>
		<FitPageMode>Auto</FitPageMode>
	</PrintParameters>
	<Items>
		<Decoration id="1">
			<Properties>
				<Name>Декорация1</Name>
				<Title>
					<v8:item>
						<v8:lang>ru</v8:lang>
						<v8:content>База данных</v8:content>
					</v8:item>
				</Title>
				<ToolTip/>
				<TabOrder>1</TabOrder>
				<BackColor>auto</BackColor>
				<TextColor>style:FormTextColor</TextColor>
				<LineColor>style:BorderColor</LineColor>
				<GroupNumber>0</GroupNumber>
				<ZOrder>1</ZOrder>
				<Hyperlink>false</Hyperlink>
				<Transparent>false</Transparent>
				<Font kind="AutoFont"/>
				<HorizontalAlign>Center</HorizontalAlign>
				<VerticalAlign>Center</VerticalAlign>
				<PictureLocation>Left</PictureLocation>
				<Location top="60" left="120" bottom="140" right="300"/>
				<Picture/>
				<PictureSize>AutoSize</PictureSize>
				<Shape>Block</Shape>
				<FlipMode>0</FlipMode>
				<Angle xsi:type="xs:decimal">0</Angle>
			</Properties>
		</Decoration>
		<Decoration id="2">
			<Properties>
				<Name>Декорация2</Name>
				<Title>
					<v8:item>
						<v8:lang>ru</v8:lang>
						<v8:content>Конфигурация базы данных</v8:content>
					</v8:item>
				</Title>
				<ToolTip/>
				<TabOrder>2</TabOrder>
				<BackColor>auto</BackColor>
				<TextColor>style:FormTextColor</TextColor>
				<LineColor>style:BorderColor</LineColor>
				<GroupNumber>0</GroupNumber>
				<ZOrder>2</ZOrder>
				<Hyperlink>false</Hyperlink>
				<Transparent>false</Transparent>
				<Font kind="AutoFont"/>
				<HorizontalAlign>Center</HorizontalAlign>
				<VerticalAlign>Center</VerticalAlign>
				<PictureLocation>Left</PictureLocation>
				<Location top="140" left="120" bottom="180" right="300"/>
				<Picture/>
				<PictureSize>AutoSize</PictureSize>
				<Shape>Block</Shape>
				<FlipMode>0</FlipMode>
				<Angle xsi:type="xs:decimal">0</Angle>
			</Properties>
		</Decoration>
		<Decoration id="3">
			<Properties>
				<Name>Декорация3</Name>
				<Title>
					<v8:item>
						<v8:lang>ru</v8:lang>
						<v8:content>Конфигурация разработчика (основная конфигурация)</v8:content>
					</v8:item>
				</Title>
				<ToolTip/>
				<TabOrder>3</TabOrder>
				<BackColor>auto</BackColor>
				<TextColor>style:FormTextColor</TextColor>
				<LineColor>style:BorderColor</LineColor>
				<GroupNumber>0</GroupNumber>
				<ZOrder>3</ZOrder>
				<Hyperlink>false</Hyperlink>
				<Transparent>false</Transparent>
				<Font kind="AutoFont"/>
				<HorizontalAlign>Center</HorizontalAlign>
				<VerticalAlign>Center</VerticalAlign>
				<PictureLocation>Left</PictureLocation>
				<Location top="220" left="120" bottom="260" right="300"/>
				<Picture/>
				<PictureSize>AutoSize</PictureSize>
				<Shape>Block</Shape>
				<FlipMode>0</FlipMode>
				<Angle xsi:type="xs:decimal">0</Angle>
			</Properties>
		</Decoration>
		<Decoration id="4">
			<Properties>
				<Name>Декорация4</Name>
				<Title>
					<v8:item>
						<v8:lang>ru</v8:lang>
						<v8:content>Информационная база</v8:content>
					</v8:item>
				</Title>
				<ToolTip/>
				<TabOrder>4</TabOrder>
				<BackColor>auto</BackColor>
				<TextColor>style:FormTextColor</TextColor>
				<LineColor>style:BorderColor</LineColor>
				<GroupNumber>0</GroupNumber>
				<ZOrder>0</ZOrder>
				<Hyperlink>false</Hyperlink>
				<Transparent>false</Transparent>
				<Font kind="AutoFont"/>
				<HorizontalAlign>Center</HorizontalAlign>
				<VerticalAlign>Bottom</VerticalAlign>
				<PictureLocation>Left</PictureLocation>
				<Location top="40" left="40" bottom="340" right="380"/>
				<Picture/>
				<PictureSize>AutoSize</PictureSize>
				<Shape>Ellipse</Shape>
				<FlipMode>0</FlipMode>
				<Angle xsi:type="xs:decimal">0</Angle>
			</Properties>
		</Decoration>
	</Items>
</GraphicalSchema>