﻿<?xml version="1.0" encoding="UTF-8"?>
<PredefinedData xmlns="http://v8.1c.ru/8.3/xcf/predef" xmlns:v8="http://v8.1c.ru/8.1/data/core" xmlns:xr="http://v8.1c.ru/8.3/xcf/readable" xmlns:xs="http://www.w3.org/2001/XMLSchema" xmlns:xsi="http://www.w3.org/2001/XMLSchema-instance" xsi:type="CalculationTypePredefinedItems" version="2.16">
	<Item id="ae95089b-86f5-45cb-ba48-cc69bc36b84b">
		<Name>Оклад</Name>
		<Code>1</Code>
		<Description>Оклад</Description>
		<ActionPeriodIsBase>false</ActionPeriodIsBase>
		<Displaced>
			<CalculationType>ChartOfCalculationTypes.ВидыРасчета.Прогул</CalculationType>
		</Displaced>
	</Item>
	<Item id="025d71af-f01d-452b-bca7-18ba231e4174">
		<Name>Прогул</Name>
		<Code>2</Code>
		<Description>Прогул</Description>
		<ActionPeriodIsBase>false</ActionPeriodIsBase>
	</Item>
</PredefinedData>