﻿<?xml version="1.0" encoding="UTF-8"?>
<MetaDataObject xmlns="http://v8.1c.ru/8.3/MDClasses" xmlns:app="http://v8.1c.ru/8.2/managed-application/core" xmlns:cfg="http://v8.1c.ru/8.1/data/enterprise/current-config" xmlns:cmi="http://v8.1c.ru/8.2/managed-application/cmi" xmlns:ent="http://v8.1c.ru/8.1/data/enterprise" xmlns:lf="http://v8.1c.ru/8.2/managed-application/logform" xmlns:style="http://v8.1c.ru/8.1/data/ui/style" xmlns:sys="http://v8.1c.ru/8.1/data/ui/fonts/system" xmlns:v8="http://v8.1c.ru/8.1/data/core" xmlns:v8ui="http://v8.1c.ru/8.1/data/ui" xmlns:web="http://v8.1c.ru/8.1/data/ui/colors/web" xmlns:win="http://v8.1c.ru/8.1/data/ui/colors/windows" xmlns:xen="http://v8.1c.ru/8.3/xcf/enums" xmlns:xpr="http://v8.1c.ru/8.3/xcf/predef" xmlns:xr="http://v8.1c.ru/8.3/xcf/readable" xmlns:xs="http://www.w3.org/2001/XMLSchema" xmlns:xsi="http://www.w3.org/2001/XMLSchema-instance" version="2.16">
	<ChartOfCharacteristicTypes uuid="acb26224-249f-4ce4-bd8d-7aa72a47d532">
		<InternalInfo>
			<xr:GeneratedType name="ChartOfCharacteristicTypesObject.ВидыСубконто" category="Object">
				<xr:TypeId>be3b2410-56e4-4477-8d35-cec738521db8</xr:TypeId>
				<xr:ValueId>3e694600-e466-49c1-928b-6264d35fc6b7</xr:ValueId>
			</xr:GeneratedType>
			<xr:GeneratedType name="ChartOfCharacteristicTypesRef.ВидыСубконто" category="Ref">
				<xr:TypeId>ae725eca-9a20-414a-bcc2-ab9ac9cf37df</xr:TypeId>
				<xr:ValueId>d407aff3-8168-494b-83b7-f996040ff4bc</xr:ValueId>
			</xr:GeneratedType>
			<xr:GeneratedType name="ChartOfCharacteristicTypesSelection.ВидыСубконто" category="Selection">
				<xr:TypeId>3d95a812-a1d4-4a69-82af-3d709556f942</xr:TypeId>
				<xr:ValueId>823a7dae-6ff0-416a-85de-384572418869</xr:ValueId>
			</xr:GeneratedType>
			<xr:GeneratedType name="ChartOfCharacteristicTypesList.ВидыСубконто" category="List">
				<xr:TypeId>c0113b55-6d4f-420b-acaf-11ae1a8f14a0</xr:TypeId>
				<xr:ValueId>17c027ed-c3a1-4c66-9c76-cf322efac8d2</xr:ValueId>
			</xr:GeneratedType>
			<xr:GeneratedType name="Characteristic.ВидыСубконто" category="Characteristic">
				<xr:TypeId>93b8c64d-a359-45df-9fd4-3b709b768bef</xr:TypeId>
				<xr:ValueId>2b33615f-1d92-4f10-a4a6-3e87f4e36ea8</xr:ValueId>
			</xr:GeneratedType>
			<xr:GeneratedType name="ChartOfCharacteristicTypesManager.ВидыСубконто" category="Manager">
				<xr:TypeId>b8205139-33bd-4939-b944-a6a15f2d7e62</xr:TypeId>
				<xr:ValueId>d6d00b71-2589-4715-8ae2-22d0e61f0bc8</xr:ValueId>
			</xr:GeneratedType>
		</InternalInfo>
		<Properties>
			<Name>ВидыСубконто</Name>
			<Synonym>
				<v8:item>
					<v8:lang>ru</v8:lang>
					<v8:content>Виды субконто</v8:content>
				</v8:item>
			</Synonym>
			<Comment/>
			<UseStandardCommands>true</UseStandardCommands>
			<IncludeHelpInContents>false</IncludeHelpInContents>
			<CharacteristicExtValues/>
			<Type>
				<v8:Type>cfg:CatalogRef.Номенклатура</v8:Type>
				<v8:Type>cfg:CatalogRef.Договоры</v8:Type>
				<v8:Type>cfg:CatalogRef.СкладыКомпании</v8:Type>
				<v8:Type>cfg:CatalogRef.Сотрудники</v8:Type>
				<v8:Type>cfg:CatalogRef.Контрагенты</v8:Type>
			</Type>
			<Hierarchical>false</Hierarchical>
			<FoldersOnTop>true</FoldersOnTop>
			<CodeLength>9</CodeLength>
			<CodeAllowedLength>Variable</CodeAllowedLength>
			<DescriptionLength>25</DescriptionLength>
			<CodeSeries>WholeCharacteristicKind</CodeSeries>
			<CheckUnique>true</CheckUnique>
			<Autonumbering>true</Autonumbering>
			<DefaultPresentation>AsDescription</DefaultPresentation>
			<Characteristics/>
			<PredefinedDataUpdate>Auto</PredefinedDataUpdate>
			<EditType>InDialog</EditType>
			<QuickChoice>false</QuickChoice>
			<ChoiceMode>BothWays</ChoiceMode>
			<InputByString>
				<xr:Field>ChartOfCharacteristicTypes.ВидыСубконто.StandardAttribute.Description</xr:Field>
				<xr:Field>ChartOfCharacteristicTypes.ВидыСубконто.StandardAttribute.Code</xr:Field>
			</InputByString>
			<CreateOnInput>DontUse</CreateOnInput>
			<SearchStringModeOnInputByString>Begin</SearchStringModeOnInputByString>
			<ChoiceDataGetModeOnInputByString>Directly</ChoiceDataGetModeOnInputByString>
			<FullTextSearchOnInputByString>DontUse</FullTextSearchOnInputByString>
			<ChoiceHistoryOnInput>Auto</ChoiceHistoryOnInput>
			<DefaultObjectForm/>
			<DefaultFolderForm/>
			<DefaultListForm/>
			<DefaultChoiceForm/>
			<DefaultFolderChoiceForm/>
			<AuxiliaryObjectForm/>
			<AuxiliaryFolderForm/>
			<AuxiliaryListForm/>
			<AuxiliaryChoiceForm/>
			<AuxiliaryFolderChoiceForm/>
			<BasedOn/>
			<DataLockFields/>
			<DataLockControlMode>Managed</DataLockControlMode>
			<FullTextSearch>Use</FullTextSearch>
			<ObjectPresentation/>
			<ExtendedObjectPresentation/>
			<ListPresentation/>
			<ExtendedListPresentation/>
			<Explanation/>
			<DataHistory>DontUse</DataHistory>
			<UpdateDataHistoryImmediatelyAfterWrite>false</UpdateDataHistoryImmediatelyAfterWrite>
			<ExecuteAfterWriteDataHistoryVersionProcessing>false</ExecuteAfterWriteDataHistoryVersionProcessing>
		</Properties>
		<ChildObjects/>
	</ChartOfCharacteristicTypes>
</MetaDataObject>